Unity Editor version:    2022.3.62f2 (7670c08855a9)
Branch:                  2022.3/respin/2022.3.62f2-4af31df585-v2
Build type:              Release
Batch mode:              YES
macOS version:           Version 15.6.1 (Build 24G90)
Darwin version:          24.6.0
Architecture:            arm64
Running under Rosetta:   NO
Available memory:        24576 MB
Using pre-set license
Pro License: YES

COMMAND LINE ARGUMENTS:
/Applications/Unity/Hub/Editor/2022.3.62f2/Unity.app/Contents/MacOS/Unity
-adb2
-batchMode
-noUpm
-name
AssetImportWorker2
-projectPath
/Users/Argho/git/Duck-Hunt/Duck Hunt
-logFile
Logs/AssetImportWorker2.log
-srvPort
61764
Successfully changed project path to: /Users/Argho/git/Duck-Hunt/Duck Hunt
/Users/Argho/git/Duck-Hunt/Duck Hunt
[UnityMemory] Configuration Parameters - Can be set up in boot.config
    "memorysetup-bucket-allocator-granularity=16"
    "memorysetup-bucket-allocator-bucket-count=8"
    "memorysetup-bucket-allocator-block-size=33554432"
    "memorysetup-bucket-allocator-block-count=8"
    "memorysetup-main-allocator-block-size=16777216"
    "memorysetup-thread-allocator-block-size=16777216"
    "memorysetup-gfx-main-allocator-block-size=16777216"
    "memorysetup-gfx-thread-allocator-block-size=16777216"
    "memorysetup-cache-allocator-block-size=4194304"
    "memorysetup-typetree-allocator-block-size=2097152"
    "memorysetup-profiler-bucket-allocator-granularity=16"
    "memorysetup-profiler-bucket-allocator-bucket-count=8"
    "memorysetup-profiler-bucket-allocator-block-size=33554432"
    "memorysetup-profiler-bucket-allocator-block-count=8"
    "memorysetup-profiler-allocator-block-size=16777216"
    "memorysetup-profiler-editor-allocator-block-size=1048576"
    "memorysetup-temp-allocator-size-main=16777216"
    "memorysetup-job-temp-allocator-block-size=2097152"
    "memorysetup-job-temp-allocator-block-size-background=1048576"
    "memorysetup-job-temp-allocator-reduction-small-platforms=262144"
    "memorysetup-allocator-temp-initial-block-size-main=262144"
    "memorysetup-allocator-temp-initial-block-size-worker=262144"
    "memorysetup-temp-allocator-size-background-worker=32768"
    "memorysetup-temp-allocator-size-job-worker=262144"
    "memorysetup-temp-allocator-size-preload-manager=33554432"
    "memorysetup-temp-allocator-size-nav-mesh-worker=65536"
    "memorysetup-temp-allocator-size-audio-worker=65536"
    "memorysetup-temp-allocator-size-cloud-worker=32768"
    "memorysetup-temp-allocator-size-gi-baking-worker=262144"
    "memorysetup-temp-allocator-size-gfx=262144"
Player connection [8328093888]  Target information:

Player connection [8328093888]  * "[IP] 10.18.5.223 [Port] 0 [Flags] 2 [Guid] 925818935 [EditorId] 925818935 [Version] 1048832 [Id] OSXEditor(0,apples-MacBook-Pro.local) [Debug] 1 [PackageName] OSXEditor [ProjectName] Editor" 

Player connection [8328093888] Host joined multi-casting on [225.0.0.222:54997]...
Player connection [8328093888] Host joined alternative multi-casting on [225.0.0.222:34997]...
Input System module state changed to: Initialized.
[PhysX] Initialized MultithreadedTaskDispatcher with 14 workers.
Refreshing native plugins compatible for Editor in 1.93 ms, found 0 plugins.
Preloading 0 native plugins for Editor in 0.00 ms.
Initialize engine version: 2022.3.62f2 (7670c08855a9)
[Subsystems] Discovering subsystems at path /Applications/Unity/Hub/Editor/2022.3.62f2/Unity.app/Contents/Resources/UnitySubsystems
[Subsystems] Discovering subsystems at path /Users/Argho/git/Duck-Hunt/Duck Hunt/Assets
GfxDevice: creating device client; threaded=0; jobified=0
 preferred device: Apple M4 Pro (high power)
Metal devices available: 1
0: Apple M4 Pro (high power)
Using device Apple M4 Pro (high power)
Initializing Metal device caps: Apple M4 Pro
Initialize mono
Mono path[0] = '/Applications/Unity/Hub/Editor/2022.3.62f2/Unity.app/Contents/Managed'
Mono path[1] = '/Applications/Unity/Hub/Editor/2022.3.62f2/Unity.app/Contents/MonoBleedingEdge/lib/mono/unityjit-macos'
Mono config path = '/Applications/Unity/Hub/Editor/2022.3.62f2/Unity.app/Contents/MonoBleedingEdge/etc'
Using monoOptions --debugger-agent=transport=dt_socket,embedding=1,server=y,suspend=n,address=127.0.0.1:56724
Begin MonoManager ReloadAssembly
Registering precompiled unity dll's ...
Register platform support module: /Applications/Unity/Hub/Editor/2022.3.62f2/PlaybackEngines/WebGLSupport/UnityEditor.WebGL.Extensions.dll
Register platform support module: /Applications/Unity/Hub/Editor/2022.3.62f2/Unity.app/Contents/PlaybackEngines/MacStandaloneSupport/UnityEditor.OSXStandalone.Extensions.dll
Register platform support module: /Applications/Unity/Hub/Editor/2022.3.62f2/PlaybackEngines/AndroidPlayer/UnityEditor.Android.Extensions.dll
Register platform support module: /Applications/Unity/Hub/Editor/2022.3.62f2/PlaybackEngines/iOSSupport/UnityEditor.iOS.Extensions.dll
Registered in 0.002937 seconds.
- Loaded All Assemblies, in  0.192 seconds
[usbmuxd] Start listen thread
[usbmuxd] Listen thread started
[usbmuxd] Send listen message
Native extension for iOS target not found
Native extension for Android target not found
Android Extension - Scanning For ADB Devices 57 ms
Native extension for OSXStandalone target not found
Native extension for WebGL target not found
Mono: successfully reloaded assembly
- Finished resetting the current domain, in  0.246 seconds
Domain Reload Profiling: 437ms
	BeginReloadAssembly (62ms)
		ExecutionOrderSort (0ms)
		DisableScriptedObjects (0ms)
		BackupInstance (0ms)
		ReleaseScriptingObjects (0ms)
		CreateAndSetChildDomain (0ms)
	RebuildCommonClasses (17ms)
	RebuildNativeTypeToScriptingClass (5ms)
	initialDomainReloadingComplete (26ms)
	LoadAllAssembliesAndSetupDomain (82ms)
		LoadAssemblies (63ms)
		RebuildTransferFunctionScriptingTraits (0ms)
		AnalyzeDomain (79ms)
			TypeCache.Refresh (78ms)
				TypeCache.ScanAssembly (71ms)
			ScanForSourceGeneratedMonoScriptInfo (0ms)
			ResolveRequiredComponents (0ms)
	FinalizeReload (246ms)
		ReleaseScriptCaches (0ms)
		RebuildScriptCaches (0ms)
		SetupLoadedEditorAssemblies (223ms)
			LogAssemblyErrors (0ms)
			InitializePlatformSupportModulesInManaged (150ms)
			SetLoadedEditorAssemblies (3ms)
			RefreshPlugins (0ms)
			BeforeProcessingInitializeOnLoad (1ms)
			ProcessInitializeOnLoadAttributes (49ms)
			ProcessInitializeOnLoadMethodAttributes (20ms)
			AfterProcessingInitializeOnLoad (0ms)
			EditorAssembliesLoaded (0ms)
		ExecutionOrderSort2 (0ms)
		AwakeInstancesAfterBackupRestoration (0ms)
========================================================================
Worker process is ready to serve import requests
Caller must complete domain reload
Begin MonoManager ReloadAssembly
- Loaded All Assemblies, in  0.158 seconds
Native extension for iOS target not found
Native extension for Android target not found
Native extension for OSXStandalone target not found
Native extension for WebGL target not found
Mono: successfully reloaded assembly
- Finished resetting the current domain, in  0.179 seconds
Domain Reload Profiling: 338ms
	BeginReloadAssembly (57ms)
		ExecutionOrderSort (0ms)
		DisableScriptedObjects (3ms)
		BackupInstance (0ms)
		ReleaseScriptingObjects (0ms)
		CreateAndSetChildDomain (13ms)
	RebuildCommonClasses (16ms)
	RebuildNativeTypeToScriptingClass (5ms)
	initialDomainReloadingComplete (16ms)
	LoadAllAssembliesAndSetupDomain (64ms)
		LoadAssemblies (75ms)
		RebuildTransferFunctionScriptingTraits (0ms)
		AnalyzeDomain (15ms)
			TypeCache.Refresh (13ms)
				TypeCache.ScanAssembly (7ms)
			ScanForSourceGeneratedMonoScriptInfo (1ms)
			ResolveRequiredComponents (1ms)
	FinalizeReload (179ms)
		ReleaseScriptCaches (0ms)
		RebuildScriptCaches (0ms)
		SetupLoadedEditorAssemblies (99ms)
			LogAssemblyErrors (0ms)
			InitializePlatformSupportModulesInManaged (13ms)
			SetLoadedEditorAssemblies (1ms)
			RefreshPlugins (0ms)
			BeforeProcessingInitializeOnLoad (13ms)
			ProcessInitializeOnLoadAttributes (63ms)
			ProcessInitializeOnLoadMethodAttributes (9ms)
			AfterProcessingInitializeOnLoad (1ms)
			EditorAssembliesLoaded (0ms)
		ExecutionOrderSort2 (0ms)
		AwakeInstancesAfterBackupRestoration (2ms)
Launching external process: /Applications/Unity/Hub/Editor/2022.3.62f2/Unity.app/Contents/Tools/UnityShaderCompiler
Launched and connected shader compiler UnityShaderCompiler after 0.02 seconds
Refreshing native plugins compatible for Editor in 0.10 ms, found 0 plugins.
Preloading 0 native plugins for Editor in 0.00 ms.
Unloading 318 Unused Serialized files (Serialized files now loaded: 0)
Unloading 5 unused Assets / (43.9 KB). Loaded Objects now: 790.
Memory consumption went from 64.5 MB to 64.4 MB.
Total: 1.732542 ms (FindLiveObjects: 0.028834 ms CreateObjectMapping: 0.006083 ms MarkObjects: 1.652000 ms  DeleteObjects: 0.045166 ms)

AssetImportParameters requested are different than current active one (requested -> active):
  custom:video-encoder-webm-vp8: eb34c28f22e8b96e1ab97ce403110664 -> 
  custom:video-decoder-webm-vp8: 9c59270c3fd7afecdb556c50c9e8de78 -> 
  custom:framework-osx-AVFoundation: e770b220cccbd017edd2c1fefb359320 -> 
  custom:audio-decoder-ogg-vorbis: bf7c407c2cedff20999df2af8eb42d56 -> 
  custom:video-decoder-ogg-theora: a1e56fd34408186e4bbccfd4996cb3dc -> 
  custom:audio-encoder-webm-vorbis: bf7c407c2cedff20999df2af8eb42d56 -> 
  custom:container-demuxer-webm: 4f35f7cbe854078d1ac9338744f61a02 -> 
  custom:SearchIndexIgnoredProperties: e643bd26f0fe6173181afceb89e7c659 -> 
  custom:container-muxer-webm: aa71ff27fc2769a1b78a27578f13a17b -> 
  custom:container-demuxer-ogg: 62fdf1f143b41e24485cea50d1cbac27 -> 
  custom:AudioImporter_EditorPlatform: 3918e3fc78b5a79bad01e8451be0beb8 -> 
  custom:CustomObjectIndexerAttribute: 9a22284fe3817be447336de3de66b15e -> 
========================================================================
Received Import Request.
  Time since last request: 85357.714737 seconds.
  path: Assets/Sprites/Other/duck-hunt.png
  artifactKey: Guid(21ed1d4c053eb2d4c9f4088d468995e4) Importer(815301076,1909f56bfc062723c751e8b465ee728b)
Start importing Assets/Sprites/Other/duck-hunt.png using Guid(21ed1d4c053eb2d4c9f4088d468995e4) Importer(815301076,1909f56bfc062723c751e8b465ee728b) [PhysX] Initialized MultithreadedTaskDispatcher with 14 workers.
[PhysX] Initialized MultithreadedTaskDispatcher with 14 workers.
 -> (artifact id: 'ed8d3deef269191b553b812d9c6b954c') in 0.086153 seconds
Number of updated asset objects reloaded before import = 0
Number of asset objects unloaded after import = 3
========================================================================
Received Import Request.
  Time since last request: 0.000032 seconds.
  path: Assets/Sprites/Other/pause.png
  artifactKey: Guid(fa53f5c8389546c42bf6c6e41ea823e9) Importer(815301076,1909f56bfc062723c751e8b465ee728b)
Start importing Assets/Sprites/Other/pause.png using Guid(fa53f5c8389546c42bf6c6e41ea823e9) Importer(815301076,1909f56bfc062723c751e8b465ee728b) [PhysX] Initialized MultithreadedTaskDispatcher with 14 workers.
[PhysX] Initialized MultithreadedTaskDispatcher with 14 workers.
 -> (artifact id: '89ec9cf3e45a1f54aa68f80458bd715f') in 0.005349 seconds
Number of updated asset objects reloaded before import = 0
Number of asset objects unloaded after import = 3
========================================================================
Received Import Request.
  Time since last request: 56.269374 seconds.
  path: Assets/Sprites/Other/slingshot.png
  artifactKey: Guid(a2cb1483f1683433faeb68c73a8dcf9b) Importer(815301076,1909f56bfc062723c751e8b465ee728b)
Start importing Assets/Sprites/Other/slingshot.png using Guid(a2cb1483f1683433faeb68c73a8dcf9b) Importer(815301076,1909f56bfc062723c751e8b465ee728b) [PhysX] Initialized MultithreadedTaskDispatcher with 14 workers.
[PhysX] Initialized MultithreadedTaskDispatcher with 14 workers.
 -> (artifact id: 'e440a27b8e6556d98291b138e4b82e9f') in 0.046737 seconds
Number of updated asset objects reloaded before import = 0
Number of asset objects unloaded after import = 3
========================================================================
Received Import Request.
  Time since last request: 22.699238 seconds.
  path: Assets/Sprites/Other/slingshot.png
  artifactKey: Guid(a2cb1483f1683433faeb68c73a8dcf9b) Importer(815301076,1909f56bfc062723c751e8b465ee728b)
Start importing Assets/Sprites/Other/slingshot.png using Guid(a2cb1483f1683433faeb68c73a8dcf9b) Importer(815301076,1909f56bfc062723c751e8b465ee728b) [PhysX] Initialized MultithreadedTaskDispatcher with 14 workers.
[PhysX] Initialized MultithreadedTaskDispatcher with 14 workers.
 -> (artifact id: '3e5e8c8cb9da9a646d752566fc8269b4') in 0.010064 seconds
Number of updated asset objects reloaded before import = 0
Number of asset objects unloaded after import = 3
========================================================================
Received Import Request.
  Time since last request: 13.344680 seconds.
  path: Assets/Sprites/Other/slingshot.png
  artifactKey: Guid(a2cb1483f1683433faeb68c73a8dcf9b) Importer(815301076,1909f56bfc062723c751e8b465ee728b)
Start importing Assets/Sprites/Other/slingshot.png using Guid(a2cb1483f1683433faeb68c73a8dcf9b) Importer(815301076,1909f56bfc062723c751e8b465ee728b) [PhysX] Initialized MultithreadedTaskDispatcher with 14 workers.
[PhysX] Initialized MultithreadedTaskDispatcher with 14 workers.
 -> (artifact id: '8b91b6d6302fa3c839ba6f99a3a85466') in 0.009162 seconds
Number of updated asset objects reloaded before import = 0
Number of asset objects unloaded after import = 3
========================================================================
Received Import Request.
  Time since last request: 13.158845 seconds.
  path: Assets/Sprites/Other/slingshot.png
  artifactKey: Guid(a2cb1483f1683433faeb68c73a8dcf9b) Importer(815301076,1909f56bfc062723c751e8b465ee728b)
Start importing Assets/Sprites/Other/slingshot.png using Guid(a2cb1483f1683433faeb68c73a8dcf9b) Importer(815301076,1909f56bfc062723c751e8b465ee728b) [PhysX] Initialized MultithreadedTaskDispatcher with 14 workers.
[PhysX] Initialized MultithreadedTaskDispatcher with 14 workers.
 -> (artifact id: 'd1616d7013f8b2f2ef0467fd135b16c7') in 0.009056 seconds
Number of updated asset objects reloaded before import = 0
Number of asset objects unloaded after import = 3
========================================================================
Received Import Request.
  Time since last request: 37.491949 seconds.
  path: Assets/Sprites/Other/slingshot.png
  artifactKey: Guid(a2cb1483f1683433faeb68c73a8dcf9b) Importer(815301076,1909f56bfc062723c751e8b465ee728b)
Start importing Assets/Sprites/Other/slingshot.png using Guid(a2cb1483f1683433faeb68c73a8dcf9b) Importer(815301076,1909f56bfc062723c751e8b465ee728b) [PhysX] Initialized MultithreadedTaskDispatcher with 14 workers.
[PhysX] Initialized MultithreadedTaskDispatcher with 14 workers.
 -> (artifact id: '51f40b6427e86294115fdda69dad10e4') in 0.009427 seconds
Number of updated asset objects reloaded before import = 0
Number of asset objects unloaded after import = 3
========================================================================
Received Import Request.
  Time since last request: 6.947215 seconds.
  path: Assets/Sprites/Other/slingshot.png
  artifactKey: Guid(a2cb1483f1683433faeb68c73a8dcf9b) Importer(815301076,1909f56bfc062723c751e8b465ee728b)
Start importing Assets/Sprites/Other/slingshot.png using Guid(a2cb1483f1683433faeb68c73a8dcf9b) Importer(815301076,1909f56bfc062723c751e8b465ee728b) [PhysX] Initialized MultithreadedTaskDispatcher with 14 workers.
[PhysX] Initialized MultithreadedTaskDispatcher with 14 workers.
 -> (artifact id: '5eb1806d80f980ab82de3d6be90b712e') in 0.009143 seconds
Number of updated asset objects reloaded before import = 0
Number of asset objects unloaded after import = 3
========================================================================
Received Import Request.
  Time since last request: 210.787914 seconds.
  path: Assets/Sprites
  artifactKey: Guid(e918528ad5bd58a4fac272b5c66e2c67) Importer(815301076,1909f56bfc062723c751e8b465ee728b)
Start importing Assets/Sprites using Guid(e918528ad5bd58a4fac272b5c66e2c67) Importer(815301076,1909f56bfc062723c751e8b465ee728b) [PhysX] Initialized MultithreadedTaskDispatcher with 14 workers.
 -> (artifact id: 'ef7d7a7e283b4f2b9c8b5b964e2feb31') in 0.000394 seconds
Number of updated asset objects reloaded before import = 0
Number of asset objects unloaded after import = 0
========================================================================
Received Import Request.
  Time since last request: 2639.947787 seconds.
  path: Packages/com.unity.ide.rider/package.json
  artifactKey: Guid(66c95bb3c74257f41bae2622511dc02d) Importer(815301076,1909f56bfc062723c751e8b465ee728b)
Start importing Packages/com.unity.ide.rider/package.json using Guid(66c95bb3c74257f41bae2622511dc02d) Importer(815301076,1909f56bfc062723c751e8b465ee728b) [PhysX] Initialized MultithreadedTaskDispatcher with 14 workers.
 -> (artifact id: '18fb69b20221f3b252f4b6802ba8cf1e') in 0.014418 seconds
Number of updated asset objects reloaded before import = 0
Number of asset objects unloaded after import = 1
========================================================================
Received Import Request.
  Time since last request: 3.830784 seconds.
  path: Assets/Sprites/Other/rock.png
  artifactKey: Guid(bbd8be1218f294b48ac1fddc265960d5) Importer(815301076,1909f56bfc062723c751e8b465ee728b)
Start importing Assets/Sprites/Other/rock.png using Guid(bbd8be1218f294b48ac1fddc265960d5) Importer(815301076,1909f56bfc062723c751e8b465ee728b) [PhysX] Initialized MultithreadedTaskDispatcher with 14 workers.
[PhysX] Initialized MultithreadedTaskDispatcher with 14 workers.
 -> (artifact id: '6c6e98f9e60d623c02ca3079480703ea') in 0.031117 seconds
Number of updated asset objects reloaded before import = 0
Number of asset objects unloaded after import = 3
========================================================================
Received Import Request.
  Time since last request: 13.493962 seconds.
  path: Assets/Sprites/Other/rock.png
  artifactKey: Guid(bbd8be1218f294b48ac1fddc265960d5) Importer(815301076,1909f56bfc062723c751e8b465ee728b)
Start importing Assets/Sprites/Other/rock.png using Guid(bbd8be1218f294b48ac1fddc265960d5) Importer(815301076,1909f56bfc062723c751e8b465ee728b) [PhysX] Initialized MultithreadedTaskDispatcher with 14 workers.
[PhysX] Initialized MultithreadedTaskDispatcher with 14 workers.
 -> (artifact id: 'c7fc50c26067b3ab5ade5ea98a6f2b39') in 0.009733 seconds
Number of updated asset objects reloaded before import = 0
Number of asset objects unloaded after import = 3
========================================================================
Received Import Request.
  Time since last request: 4.731341 seconds.
  path: Assets/Sprites/Other/rock.png
  artifactKey: Guid(bbd8be1218f294b48ac1fddc265960d5) Importer(815301076,1909f56bfc062723c751e8b465ee728b)
Start importing Assets/Sprites/Other/rock.png using Guid(bbd8be1218f294b48ac1fddc265960d5) Importer(815301076,1909f56bfc062723c751e8b465ee728b) [PhysX] Initialized MultithreadedTaskDispatcher with 14 workers.
[PhysX] Initialized MultithreadedTaskDispatcher with 14 workers.
 -> (artifact id: '90dc5d5810bbec205c67c4ef329b4e04') in 0.010400 seconds
Number of updated asset objects reloaded before import = 0
Number of asset objects unloaded after import = 3
========================================================================
Received Prepare
Caller must complete domain reload
Begin MonoManager ReloadAssembly
Thread 0x17b487000 may have been prematurely finalized
- Loaded All Assemblies, in  0.146 seconds
Native extension for iOS target not found
Native extension for Android target not found
Native extension for OSXStandalone target not found
Native extension for WebGL target not found
Mono: successfully reloaded assembly
- Finished resetting the current domain, in  0.194 seconds
Domain Reload Profiling: 340ms
	BeginReloadAssembly (68ms)
		ExecutionOrderSort (0ms)
		DisableScriptedObjects (3ms)
		BackupInstance (0ms)
		ReleaseScriptingObjects (0ms)
		CreateAndSetChildDomain (20ms)
	RebuildCommonClasses (17ms)
	RebuildNativeTypeToScriptingClass (5ms)
	initialDomainReloadingComplete (10ms)
	LoadAllAssembliesAndSetupDomain (47ms)
		LoadAssemblies (68ms)
		RebuildTransferFunctionScriptingTraits (0ms)
		AnalyzeDomain (4ms)
			TypeCache.Refresh (3ms)
				TypeCache.ScanAssembly (0ms)
			ScanForSourceGeneratedMonoScriptInfo (0ms)
			ResolveRequiredComponents (1ms)
	FinalizeReload (194ms)
		ReleaseScriptCaches (0ms)
		RebuildScriptCaches (0ms)
		SetupLoadedEditorAssemblies (101ms)
			LogAssemblyErrors (0ms)
			InitializePlatformSupportModulesInManaged (14ms)
			SetLoadedEditorAssemblies (1ms)
			RefreshPlugins (0ms)
			BeforeProcessingInitializeOnLoad (13ms)
			ProcessInitializeOnLoadAttributes (63ms)
			ProcessInitializeOnLoadMethodAttributes (9ms)
			AfterProcessingInitializeOnLoad (0ms)
			EditorAssembliesLoaded (0ms)
		ExecutionOrderSort2 (0ms)
		AwakeInstancesAfterBackupRestoration (2ms)
Refreshing native plugins compatible for Editor in 0.10 ms, found 0 plugins.
Preloading 0 native plugins for Editor in 0.00 ms.
Unloading 312 Unused Serialized files (Serialized files now loaded: 0)
Unloading 3 unused Assets / (23.8 KB). Loaded Objects now: 802.
Memory consumption went from 71.5 MB to 71.5 MB.
Total: 1.631625 ms (FindLiveObjects: 0.026167 ms CreateObjectMapping: 0.005416 ms MarkObjects: 1.577542 ms  DeleteObjects: 0.022167 ms)

Prepare: number of updated asset objects reloaded= 0
AssetImportParameters requested are different than current active one (requested -> active):
  custom:video-encoder-webm-vp8: eb34c28f22e8b96e1ab97ce403110664 -> 
  custom:video-decoder-webm-vp8: 9c59270c3fd7afecdb556c50c9e8de78 -> 
  custom:framework-osx-AVFoundation: e770b220cccbd017edd2c1fefb359320 -> 
  custom:audio-decoder-ogg-vorbis: bf7c407c2cedff20999df2af8eb42d56 -> 
  custom:video-decoder-ogg-theora: a1e56fd34408186e4bbccfd4996cb3dc -> 
  custom:audio-encoder-webm-vorbis: bf7c407c2cedff20999df2af8eb42d56 -> 
  custom:container-demuxer-webm: 4f35f7cbe854078d1ac9338744f61a02 -> 
  custom:SearchIndexIgnoredProperties: e643bd26f0fe6173181afceb89e7c659 -> 
  custom:container-muxer-webm: aa71ff27fc2769a1b78a27578f13a17b -> 
  custom:container-demuxer-ogg: 62fdf1f143b41e24485cea50d1cbac27 -> 
  custom:AudioImporter_EditorPlatform: 3918e3fc78b5a79bad01e8451be0beb8 -> 
  custom:CustomObjectIndexerAttribute: 9a22284fe3817be447336de3de66b15e -> 
========================================================================
Received Prepare
Caller must complete domain reload
Begin MonoManager ReloadAssembly
Thread 0x17b487000 may have been prematurely finalized
- Loaded All Assemblies, in  0.125 seconds
Native extension for iOS target not found
Native extension for Android target not found
Native extension for OSXStandalone target not found
Native extension for WebGL target not found
Mono: successfully reloaded assembly
- Finished resetting the current domain, in  0.183 seconds
Domain Reload Profiling: 308ms
	BeginReloadAssembly (54ms)
		ExecutionOrderSort (0ms)
		DisableScriptedObjects (2ms)
		BackupInstance (0ms)
		ReleaseScriptingObjects (0ms)
		CreateAndSetChildDomain (11ms)
	RebuildCommonClasses (16ms)
	RebuildNativeTypeToScriptingClass (5ms)
	initialDomainReloadingComplete (9ms)
	LoadAllAssembliesAndSetupDomain (42ms)
		LoadAssemblies (61ms)
		RebuildTransferFunctionScriptingTraits (0ms)
		AnalyzeDomain (4ms)
			TypeCache.Refresh (2ms)
				TypeCache.ScanAssembly (0ms)
			ScanForSourceGeneratedMonoScriptInfo (0ms)
			ResolveRequiredComponents (1ms)
	FinalizeReload (183ms)
		ReleaseScriptCaches (0ms)
		RebuildScriptCaches (0ms)
		SetupLoadedEditorAssemblies (97ms)
			LogAssemblyErrors (0ms)
			InitializePlatformSupportModulesInManaged (15ms)
			SetLoadedEditorAssemblies (1ms)
			RefreshPlugins (0ms)
			BeforeProcessingInitializeOnLoad (13ms)
			ProcessInitializeOnLoadAttributes (59ms)
			ProcessInitializeOnLoadMethodAttributes (8ms)
			AfterProcessingInitializeOnLoad (0ms)
			EditorAssembliesLoaded (0ms)
		ExecutionOrderSort2 (0ms)
		AwakeInstancesAfterBackupRestoration (1ms)
Refreshing native plugins compatible for Editor in 0.11 ms, found 0 plugins.
Preloading 0 native plugins for Editor in 0.00 ms.
Unloading 313 Unused Serialized files (Serialized files now loaded: 0)
Unloading 3 unused Assets / (23.8 KB). Loaded Objects now: 802.
Memory consumption went from 77.7 MB to 77.7 MB.
Total: 1.556458 ms (FindLiveObjects: 0.023666 ms CreateObjectMapping: 0.006042 ms MarkObjects: 1.514542 ms  DeleteObjects: 0.011833 ms)

Prepare: number of updated asset objects reloaded= 0
AssetImportParameters requested are different than current active one (requested -> active):
  custom:video-encoder-webm-vp8: eb34c28f22e8b96e1ab97ce403110664 -> 
  custom:video-decoder-webm-vp8: 9c59270c3fd7afecdb556c50c9e8de78 -> 
  custom:framework-osx-AVFoundation: e770b220cccbd017edd2c1fefb359320 -> 
  custom:audio-decoder-ogg-vorbis: bf7c407c2cedff20999df2af8eb42d56 -> 
  custom:video-decoder-ogg-theora: a1e56fd34408186e4bbccfd4996cb3dc -> 
  custom:audio-encoder-webm-vorbis: bf7c407c2cedff20999df2af8eb42d56 -> 
  custom:container-demuxer-webm: 4f35f7cbe854078d1ac9338744f61a02 -> 
  custom:SearchIndexIgnoredProperties: e643bd26f0fe6173181afceb89e7c659 -> 
  custom:container-muxer-webm: aa71ff27fc2769a1b78a27578f13a17b -> 
  custom:container-demuxer-ogg: 62fdf1f143b41e24485cea50d1cbac27 -> 
  custom:AudioImporter_EditorPlatform: 3918e3fc78b5a79bad01e8451be0beb8 -> 
  custom:CustomObjectIndexerAttribute: 9a22284fe3817be447336de3de66b15e -> 
========================================================================
Received Prepare
Caller must complete domain reload
Begin MonoManager ReloadAssembly
Thread 0x179bc7000 may have been prematurely finalized
- Loaded All Assemblies, in  0.123 seconds
Native extension for iOS target not found
Native extension for Android target not found
Native extension for OSXStandalone target not found
Native extension for WebGL target not found
Mono: successfully reloaded assembly
- Finished resetting the current domain, in  0.181 seconds
Domain Reload Profiling: 304ms
	BeginReloadAssembly (52ms)
		ExecutionOrderSort (0ms)
		DisableScriptedObjects (2ms)
		BackupInstance (0ms)
		ReleaseScriptingObjects (0ms)
		CreateAndSetChildDomain (11ms)
	RebuildCommonClasses (16ms)
	RebuildNativeTypeToScriptingClass (5ms)
	initialDomainReloadingComplete (9ms)
	LoadAllAssembliesAndSetupDomain (40ms)
		LoadAssemblies (58ms)
		RebuildTransferFunctionScriptingTraits (0ms)
		AnalyzeDomain (3ms)
			TypeCache.Refresh (2ms)
				TypeCache.ScanAssembly (0ms)
			ScanForSourceGeneratedMonoScriptInfo (0ms)
			ResolveRequiredComponents (1ms)
	FinalizeReload (182ms)
		ReleaseScriptCaches (0ms)
		RebuildScriptCaches (0ms)
		SetupLoadedEditorAssemblies (97ms)
			LogAssemblyErrors (0ms)
			InitializePlatformSupportModulesInManaged (15ms)
			SetLoadedEditorAssemblies (1ms)
			RefreshPlugins (0ms)
			BeforeProcessingInitializeOnLoad (12ms)
			ProcessInitializeOnLoadAttributes (60ms)
			ProcessInitializeOnLoadMethodAttributes (8ms)
			AfterProcessingInitializeOnLoad (1ms)
			EditorAssembliesLoaded (0ms)
		ExecutionOrderSort2 (0ms)
		AwakeInstancesAfterBackupRestoration (2ms)
Refreshing native plugins compatible for Editor in 0.14 ms, found 0 plugins.
Preloading 0 native plugins for Editor in 0.00 ms.
Unloading 313 Unused Serialized files (Serialized files now loaded: 0)
Unloading 3 unused Assets / (23.8 KB). Loaded Objects now: 802.
Memory consumption went from 83.6 MB to 83.6 MB.
Total: 1.457209 ms (FindLiveObjects: 0.023917 ms CreateObjectMapping: 0.005583 ms MarkObjects: 1.414417 ms  DeleteObjects: 0.013083 ms)

Prepare: number of updated asset objects reloaded= 0
AssetImportParameters requested are different than current active one (requested -> active):
  custom:video-encoder-webm-vp8: eb34c28f22e8b96e1ab97ce403110664 -> 
  custom:video-decoder-webm-vp8: 9c59270c3fd7afecdb556c50c9e8de78 -> 
  custom:framework-osx-AVFoundation: e770b220cccbd017edd2c1fefb359320 -> 
  custom:audio-decoder-ogg-vorbis: bf7c407c2cedff20999df2af8eb42d56 -> 
  custom:video-decoder-ogg-theora: a1e56fd34408186e4bbccfd4996cb3dc -> 
  custom:audio-encoder-webm-vorbis: bf7c407c2cedff20999df2af8eb42d56 -> 
  custom:container-demuxer-webm: 4f35f7cbe854078d1ac9338744f61a02 -> 
  custom:SearchIndexIgnoredProperties: e643bd26f0fe6173181afceb89e7c659 -> 
  custom:container-muxer-webm: aa71ff27fc2769a1b78a27578f13a17b -> 
  custom:container-demuxer-ogg: 62fdf1f143b41e24485cea50d1cbac27 -> 
  custom:AudioImporter_EditorPlatform: 3918e3fc78b5a79bad01e8451be0beb8 -> 
  custom:CustomObjectIndexerAttribute: 9a22284fe3817be447336de3de66b15e -> 
========================================================================
Received Prepare
Caller must complete domain reload
Begin MonoManager ReloadAssembly
Thread 0x17b487000 may have been prematurely finalized
- Loaded All Assemblies, in  0.124 seconds
Native extension for iOS target not found
Native extension for Android target not found
Native extension for OSXStandalone target not found
Native extension for WebGL target not found
Mono: successfully reloaded assembly
- Finished resetting the current domain, in  0.181 seconds
Domain Reload Profiling: 304ms
	BeginReloadAssembly (53ms)
		ExecutionOrderSort (0ms)
		DisableScriptedObjects (2ms)
		BackupInstance (0ms)
		ReleaseScriptingObjects (0ms)
		CreateAndSetChildDomain (12ms)
	RebuildCommonClasses (16ms)
	RebuildNativeTypeToScriptingClass (5ms)
	initialDomainReloadingComplete (9ms)
	LoadAllAssembliesAndSetupDomain (41ms)
		LoadAssemblies (59ms)
		RebuildTransferFunctionScriptingTraits (0ms)
		AnalyzeDomain (3ms)
			TypeCache.Refresh (2ms)
				TypeCache.ScanAssembly (0ms)
			ScanForSourceGeneratedMonoScriptInfo (0ms)
			ResolveRequiredComponents (1ms)
	FinalizeReload (181ms)
		ReleaseScriptCaches (0ms)
		RebuildScriptCaches (0ms)
		SetupLoadedEditorAssemblies (97ms)
			LogAssemblyErrors (0ms)
			InitializePlatformSupportModulesInManaged (14ms)
			SetLoadedEditorAssemblies (1ms)
			RefreshPlugins (0ms)
			BeforeProcessingInitializeOnLoad (13ms)
			ProcessInitializeOnLoadAttributes (59ms)
			ProcessInitializeOnLoadMethodAttributes (8ms)
			AfterProcessingInitializeOnLoad (1ms)
			EditorAssembliesLoaded (0ms)
		ExecutionOrderSort2 (0ms)
		AwakeInstancesAfterBackupRestoration (2ms)
Refreshing native plugins compatible for Editor in 0.11 ms, found 0 plugins.
Preloading 0 native plugins for Editor in 0.00 ms.
Unloading 313 Unused Serialized files (Serialized files now loaded: 0)
Unloading 3 unused Assets / (23.8 KB). Loaded Objects now: 802.
Memory consumption went from 89.5 MB to 89.5 MB.
Total: 1.327083 ms (FindLiveObjects: 0.024250 ms CreateObjectMapping: 0.005875 ms MarkObjects: 1.285250 ms  DeleteObjects: 0.011416 ms)

Prepare: number of updated asset objects reloaded= 0
AssetImportParameters requested are different than current active one (requested -> active):
  custom:video-encoder-webm-vp8: eb34c28f22e8b96e1ab97ce403110664 -> 
  custom:video-decoder-webm-vp8: 9c59270c3fd7afecdb556c50c9e8de78 -> 
  custom:framework-osx-AVFoundation: e770b220cccbd017edd2c1fefb359320 -> 
  custom:audio-decoder-ogg-vorbis: bf7c407c2cedff20999df2af8eb42d56 -> 
  custom:video-decoder-ogg-theora: a1e56fd34408186e4bbccfd4996cb3dc -> 
  custom:audio-encoder-webm-vorbis: bf7c407c2cedff20999df2af8eb42d56 -> 
  custom:container-demuxer-webm: 4f35f7cbe854078d1ac9338744f61a02 -> 
  custom:SearchIndexIgnoredProperties: e643bd26f0fe6173181afceb89e7c659 -> 
  custom:container-muxer-webm: aa71ff27fc2769a1b78a27578f13a17b -> 
  custom:container-demuxer-ogg: 62fdf1f143b41e24485cea50d1cbac27 -> 
  custom:AudioImporter_EditorPlatform: 3918e3fc78b5a79bad01e8451be0beb8 -> 
  custom:CustomObjectIndexerAttribute: 9a22284fe3817be447336de3de66b15e -> 
========================================================================
Received Prepare
Caller must complete domain reload
Begin MonoManager ReloadAssembly
Thread 0x17b487000 may have been prematurely finalized
- Loaded All Assemblies, in  0.129 seconds
Native extension for iOS target not found
Native extension for Android target not found
Native extension for OSXStandalone target not found
Native extension for WebGL target not found
Mono: successfully reloaded assembly
- Finished resetting the current domain, in  0.181 seconds
Domain Reload Profiling: 310ms
	BeginReloadAssembly (57ms)
		ExecutionOrderSort (0ms)
		DisableScriptedObjects (2ms)
		BackupInstance (0ms)
		ReleaseScriptingObjects (0ms)
		CreateAndSetChildDomain (12ms)
	RebuildCommonClasses (16ms)
	RebuildNativeTypeToScriptingClass (5ms)
	initialDomainReloadingComplete (9ms)
	LoadAllAssembliesAndSetupDomain (41ms)
		LoadAssemblies (63ms)
		RebuildTransferFunctionScriptingTraits (0ms)
		AnalyzeDomain (4ms)
			TypeCache.Refresh (2ms)
				TypeCache.ScanAssembly (0ms)
			ScanForSourceGeneratedMonoScriptInfo (0ms)
			ResolveRequiredComponents (1ms)
	FinalizeReload (181ms)
		ReleaseScriptCaches (0ms)
		RebuildScriptCaches (0ms)
		SetupLoadedEditorAssemblies (97ms)
			LogAssemblyErrors (0ms)
			InitializePlatformSupportModulesInManaged (14ms)
			SetLoadedEditorAssemblies (1ms)
			RefreshPlugins (0ms)
			BeforeProcessingInitializeOnLoad (13ms)
			ProcessInitializeOnLoadAttributes (59ms)
			ProcessInitializeOnLoadMethodAttributes (8ms)
			AfterProcessingInitializeOnLoad (1ms)
			EditorAssembliesLoaded (0ms)
		ExecutionOrderSort2 (0ms)
		AwakeInstancesAfterBackupRestoration (2ms)
Refreshing native plugins compatible for Editor in 0.10 ms, found 0 plugins.
Preloading 0 native plugins for Editor in 0.00 ms.
Unloading 313 Unused Serialized files (Serialized files now loaded: 0)
Unloading 3 unused Assets / (23.8 KB). Loaded Objects now: 802.
Memory consumption went from 95.4 MB to 95.4 MB.
Total: 1.462292 ms (FindLiveObjects: 0.024792 ms CreateObjectMapping: 0.005750 ms MarkObjects: 1.418000 ms  DeleteObjects: 0.013417 ms)

Prepare: number of updated asset objects reloaded= 0
AssetImportParameters requested are different than current active one (requested -> active):
  custom:video-encoder-webm-vp8: eb34c28f22e8b96e1ab97ce403110664 -> 
  custom:video-decoder-webm-vp8: 9c59270c3fd7afecdb556c50c9e8de78 -> 
  custom:framework-osx-AVFoundation: e770b220cccbd017edd2c1fefb359320 -> 
  custom:audio-decoder-ogg-vorbis: bf7c407c2cedff20999df2af8eb42d56 -> 
  custom:video-decoder-ogg-theora: a1e56fd34408186e4bbccfd4996cb3dc -> 
  custom:audio-encoder-webm-vorbis: bf7c407c2cedff20999df2af8eb42d56 -> 
  custom:container-demuxer-webm: 4f35f7cbe854078d1ac9338744f61a02 -> 
  custom:SearchIndexIgnoredProperties: e643bd26f0fe6173181afceb89e7c659 -> 
  custom:container-muxer-webm: aa71ff27fc2769a1b78a27578f13a17b -> 
  custom:container-demuxer-ogg: 62fdf1f143b41e24485cea50d1cbac27 -> 
  custom:AudioImporter_EditorPlatform: 3918e3fc78b5a79bad01e8451be0beb8 -> 
  custom:CustomObjectIndexerAttribute: 9a22284fe3817be447336de3de66b15e -> 
========================================================================
Received Prepare
Caller must complete domain reload
Begin MonoManager ReloadAssembly
Thread 0x17f0bf000 may have been prematurely finalized
- Loaded All Assemblies, in  0.118 seconds
Native extension for iOS target not found
Native extension for Android target not found
Native extension for OSXStandalone target not found
Native extension for WebGL target not found
Mono: successfully reloaded assembly
- Finished resetting the current domain, in  0.172 seconds
Domain Reload Profiling: 291ms
	BeginReloadAssembly (54ms)
		ExecutionOrderSort (0ms)
		DisableScriptedObjects (2ms)
		BackupInstance (0ms)
		ReleaseScriptingObjects (0ms)
		CreateAndSetChildDomain (12ms)
	RebuildCommonClasses (16ms)
	RebuildNativeTypeToScriptingClass (5ms)
	initialDomainReloadingComplete (9ms)
	LoadAllAssembliesAndSetupDomain (35ms)
		LoadAssemblies (54ms)
		RebuildTransferFunctionScriptingTraits (0ms)
		AnalyzeDomain (3ms)
			TypeCache.Refresh (2ms)
				TypeCache.ScanAssembly (0ms)
			ScanForSourceGeneratedMonoScriptInfo (0ms)
			ResolveRequiredComponents (1ms)
	FinalizeReload (172ms)
		ReleaseScriptCaches (0ms)
		RebuildScriptCaches (0ms)
		SetupLoadedEditorAssemblies (98ms)
			LogAssemblyErrors (0ms)
			InitializePlatformSupportModulesInManaged (14ms)
			SetLoadedEditorAssemblies (1ms)
			RefreshPlugins (0ms)
			BeforeProcessingInitializeOnLoad (14ms)
			ProcessInitializeOnLoadAttributes (59ms)
			ProcessInitializeOnLoadMethodAttributes (8ms)
			AfterProcessingInitializeOnLoad (1ms)
			EditorAssembliesLoaded (0ms)
		ExecutionOrderSort2 (0ms)
		AwakeInstancesAfterBackupRestoration (2ms)
Refreshing native plugins compatible for Editor in 0.10 ms, found 0 plugins.
Preloading 0 native plugins for Editor in 0.00 ms.
Unloading 313 Unused Serialized files (Serialized files now loaded: 0)
Unloading 3 unused Assets / (23.9 KB). Loaded Objects now: 802.
Memory consumption went from 101.4 MB to 101.3 MB.
Total: 1.548583 ms (FindLiveObjects: 0.024292 ms CreateObjectMapping: 0.005583 ms MarkObjects: 1.505917 ms  DeleteObjects: 0.012375 ms)

Prepare: number of updated asset objects reloaded= 0
AssetImportParameters requested are different than current active one (requested -> active):
  custom:video-encoder-webm-vp8: eb34c28f22e8b96e1ab97ce403110664 -> 
  custom:video-decoder-webm-vp8: 9c59270c3fd7afecdb556c50c9e8de78 -> 
  custom:framework-osx-AVFoundation: e770b220cccbd017edd2c1fefb359320 -> 
  custom:audio-decoder-ogg-vorbis: bf7c407c2cedff20999df2af8eb42d56 -> 
  custom:video-decoder-ogg-theora: a1e56fd34408186e4bbccfd4996cb3dc -> 
  custom:audio-encoder-webm-vorbis: bf7c407c2cedff20999df2af8eb42d56 -> 
  custom:container-demuxer-webm: 4f35f7cbe854078d1ac9338744f61a02 -> 
  custom:SearchIndexIgnoredProperties: e643bd26f0fe6173181afceb89e7c659 -> 
  custom:container-muxer-webm: aa71ff27fc2769a1b78a27578f13a17b -> 
  custom:container-demuxer-ogg: 62fdf1f143b41e24485cea50d1cbac27 -> 
  custom:AudioImporter_EditorPlatform: 3918e3fc78b5a79bad01e8451be0beb8 -> 
  custom:CustomObjectIndexerAttribute: 9a22284fe3817be447336de3de66b15e -> 
========================================================================
Received Prepare
Caller must complete domain reload
Begin MonoManager ReloadAssembly
Thread 0x17fc17000 may have been prematurely finalized
- Loaded All Assemblies, in  0.123 seconds
Native extension for iOS target not found
Native extension for Android target not found
Native extension for OSXStandalone target not found
Native extension for WebGL target not found
Mono: successfully reloaded assembly
- Finished resetting the current domain, in  0.171 seconds
Domain Reload Profiling: 294ms
	BeginReloadAssembly (54ms)
		ExecutionOrderSort (0ms)
		DisableScriptedObjects (2ms)
		BackupInstance (0ms)
		ReleaseScriptingObjects (0ms)
		CreateAndSetChildDomain (12ms)
	RebuildCommonClasses (16ms)
	RebuildNativeTypeToScriptingClass (5ms)
	initialDomainReloadingComplete (9ms)
	LoadAllAssembliesAndSetupDomain (38ms)
		LoadAssemblies (56ms)
		RebuildTransferFunctionScriptingTraits (0ms)
		AnalyzeDomain (4ms)
			TypeCache.Refresh (2ms)
				TypeCache.ScanAssembly (0ms)
			ScanForSourceGeneratedMonoScriptInfo (0ms)
			ResolveRequiredComponents (1ms)
	FinalizeReload (171ms)
		ReleaseScriptCaches (0ms)
		RebuildScriptCaches (0ms)
		SetupLoadedEditorAssemblies (95ms)
			LogAssemblyErrors (0ms)
			InitializePlatformSupportModulesInManaged (14ms)
			SetLoadedEditorAssemblies (1ms)
			RefreshPlugins (0ms)
			BeforeProcessingInitializeOnLoad (13ms)
			ProcessInitializeOnLoadAttributes (58ms)
			ProcessInitializeOnLoadMethodAttributes (8ms)
			AfterProcessingInitializeOnLoad (0ms)
			EditorAssembliesLoaded (0ms)
		ExecutionOrderSort2 (0ms)
		AwakeInstancesAfterBackupRestoration (2ms)
Refreshing native plugins compatible for Editor in 0.09 ms, found 0 plugins.
Preloading 0 native plugins for Editor in 0.00 ms.
Unloading 313 Unused Serialized files (Serialized files now loaded: 0)
Unloading 3 unused Assets / (23.8 KB). Loaded Objects now: 802.
Memory consumption went from 107.3 MB to 107.2 MB.
Total: 1.412500 ms (FindLiveObjects: 0.025875 ms CreateObjectMapping: 0.006000 ms MarkObjects: 1.365250 ms  DeleteObjects: 0.014958 ms)

Prepare: number of updated asset objects reloaded= 0
AssetImportParameters requested are different than current active one (requested -> active):
  custom:video-encoder-webm-vp8: eb34c28f22e8b96e1ab97ce403110664 -> 
  custom:video-decoder-webm-vp8: 9c59270c3fd7afecdb556c50c9e8de78 -> 
  custom:framework-osx-AVFoundation: e770b220cccbd017edd2c1fefb359320 -> 
  custom:audio-decoder-ogg-vorbis: bf7c407c2cedff20999df2af8eb42d56 -> 
  custom:video-decoder-ogg-theora: a1e56fd34408186e4bbccfd4996cb3dc -> 
  custom:audio-encoder-webm-vorbis: bf7c407c2cedff20999df2af8eb42d56 -> 
  custom:container-demuxer-webm: 4f35f7cbe854078d1ac9338744f61a02 -> 
  custom:SearchIndexIgnoredProperties: e643bd26f0fe6173181afceb89e7c659 -> 
  custom:container-muxer-webm: aa71ff27fc2769a1b78a27578f13a17b -> 
  custom:container-demuxer-ogg: 62fdf1f143b41e24485cea50d1cbac27 -> 
  custom:AudioImporter_EditorPlatform: 3918e3fc78b5a79bad01e8451be0beb8 -> 
  custom:CustomObjectIndexerAttribute: 9a22284fe3817be447336de3de66b15e -> 
========================================================================
Received Prepare
Caller must complete domain reload
Begin MonoManager ReloadAssembly
Thread 0x17fc17000 may have been prematurely finalized
- Loaded All Assemblies, in  0.119 seconds
Native extension for iOS target not found
Native extension for Android target not found
Native extension for OSXStandalone target not found
Native extension for WebGL target not found
Mono: successfully reloaded assembly
- Finished resetting the current domain, in  0.170 seconds
Domain Reload Profiling: 289ms
	BeginReloadAssembly (53ms)
		ExecutionOrderSort (0ms)
		DisableScriptedObjects (2ms)
		BackupInstance (0ms)
		ReleaseScriptingObjects (0ms)
		CreateAndSetChildDomain (12ms)
	RebuildCommonClasses (16ms)
	RebuildNativeTypeToScriptingClass (5ms)
	initialDomainReloadingComplete (9ms)
	LoadAllAssembliesAndSetupDomain (36ms)
		LoadAssemblies (54ms)
		RebuildTransferFunctionScriptingTraits (0ms)
		AnalyzeDomain (4ms)
			TypeCache.Refresh (2ms)
				TypeCache.ScanAssembly (0ms)
			ScanForSourceGeneratedMonoScriptInfo (0ms)
			ResolveRequiredComponents (1ms)
	FinalizeReload (170ms)
		ReleaseScriptCaches (0ms)
		RebuildScriptCaches (0ms)
		SetupLoadedEditorAssemblies (95ms)
			LogAssemblyErrors (0ms)
			InitializePlatformSupportModulesInManaged (14ms)
			SetLoadedEditorAssemblies (1ms)
			RefreshPlugins (0ms)
			BeforeProcessingInitializeOnLoad (13ms)
			ProcessInitializeOnLoadAttributes (59ms)
			ProcessInitializeOnLoadMethodAttributes (8ms)
			AfterProcessingInitializeOnLoad (1ms)
			EditorAssembliesLoaded (0ms)
		ExecutionOrderSort2 (0ms)
		AwakeInstancesAfterBackupRestoration (2ms)
Refreshing native plugins compatible for Editor in 0.10 ms, found 0 plugins.
Preloading 0 native plugins for Editor in 0.00 ms.
Unloading 313 Unused Serialized files (Serialized files now loaded: 0)
Unloading 3 unused Assets / (23.9 KB). Loaded Objects now: 802.
Memory consumption went from 113.2 MB to 113.2 MB.
Total: 1.381958 ms (FindLiveObjects: 0.028542 ms CreateObjectMapping: 0.005875 ms MarkObjects: 1.327333 ms  DeleteObjects: 0.019458 ms)

Prepare: number of updated asset objects reloaded= 0
AssetImportParameters requested are different than current active one (requested -> active):
  custom:video-encoder-webm-vp8: eb34c28f22e8b96e1ab97ce403110664 -> 
  custom:video-decoder-webm-vp8: 9c59270c3fd7afecdb556c50c9e8de78 -> 
  custom:framework-osx-AVFoundation: e770b220cccbd017edd2c1fefb359320 -> 
  custom:audio-decoder-ogg-vorbis: bf7c407c2cedff20999df2af8eb42d56 -> 
  custom:video-decoder-ogg-theora: a1e56fd34408186e4bbccfd4996cb3dc -> 
  custom:audio-encoder-webm-vorbis: bf7c407c2cedff20999df2af8eb42d56 -> 
  custom:container-demuxer-webm: 4f35f7cbe854078d1ac9338744f61a02 -> 
  custom:SearchIndexIgnoredProperties: e643bd26f0fe6173181afceb89e7c659 -> 
  custom:container-muxer-webm: aa71ff27fc2769a1b78a27578f13a17b -> 
  custom:container-demuxer-ogg: 62fdf1f143b41e24485cea50d1cbac27 -> 
  custom:AudioImporter_EditorPlatform: 3918e3fc78b5a79bad01e8451be0beb8 -> 
  custom:CustomObjectIndexerAttribute: 9a22284fe3817be447336de3de66b15e -> 
========================================================================
Received Prepare
Caller must complete domain reload
Begin MonoManager ReloadAssembly
Thread 0x17fc17000 may have been prematurely finalized
- Loaded All Assemblies, in  0.127 seconds
Native extension for iOS target not found
Native extension for Android target not found
Native extension for OSXStandalone target not found
Native extension for WebGL target not found
Mono: successfully reloaded assembly
- Finished resetting the current domain, in  0.184 seconds
Domain Reload Profiling: 311ms
	BeginReloadAssembly (55ms)
		ExecutionOrderSort (0ms)
		DisableScriptedObjects (2ms)
		BackupInstance (0ms)
		ReleaseScriptingObjects (0ms)
		CreateAndSetChildDomain (12ms)
	RebuildCommonClasses (16ms)
	RebuildNativeTypeToScriptingClass (5ms)
	initialDomainReloadingComplete (9ms)
	LoadAllAssembliesAndSetupDomain (41ms)
		LoadAssemblies (60ms)
		RebuildTransferFunctionScriptingTraits (0ms)
		AnalyzeDomain (4ms)
			TypeCache.Refresh (2ms)
				TypeCache.ScanAssembly (0ms)
			ScanForSourceGeneratedMonoScriptInfo (0ms)
			ResolveRequiredComponents (1ms)
	FinalizeReload (184ms)
		ReleaseScriptCaches (0ms)
		RebuildScriptCaches (0ms)
		SetupLoadedEditorAssemblies (97ms)
			LogAssemblyErrors (0ms)
			InitializePlatformSupportModulesInManaged (15ms)
			SetLoadedEditorAssemblies (1ms)
			RefreshPlugins (0ms)
			BeforeProcessingInitializeOnLoad (14ms)
			ProcessInitializeOnLoadAttributes (58ms)
			ProcessInitializeOnLoadMethodAttributes (8ms)
			AfterProcessingInitializeOnLoad (1ms)
			EditorAssembliesLoaded (0ms)
		ExecutionOrderSort2 (0ms)
		AwakeInstancesAfterBackupRestoration (2ms)
Refreshing native plugins compatible for Editor in 0.11 ms, found 0 plugins.
Preloading 0 native plugins for Editor in 0.00 ms.
Unloading 313 Unused Serialized files (Serialized files now loaded: 0)
Unloading 3 unused Assets / (23.8 KB). Loaded Objects now: 802.
Memory consumption went from 119.1 MB to 119.1 MB.
Total: 1.372625 ms (FindLiveObjects: 0.027542 ms CreateObjectMapping: 0.006042 ms MarkObjects: 1.326167 ms  DeleteObjects: 0.012625 ms)

Prepare: number of updated asset objects reloaded= 0
AssetImportParameters requested are different than current active one (requested -> active):
  custom:video-encoder-webm-vp8: eb34c28f22e8b96e1ab97ce403110664 -> 
  custom:video-decoder-webm-vp8: 9c59270c3fd7afecdb556c50c9e8de78 -> 
  custom:framework-osx-AVFoundation: e770b220cccbd017edd2c1fefb359320 -> 
  custom:audio-decoder-ogg-vorbis: bf7c407c2cedff20999df2af8eb42d56 -> 
  custom:video-decoder-ogg-theora: a1e56fd34408186e4bbccfd4996cb3dc -> 
  custom:audio-encoder-webm-vorbis: bf7c407c2cedff20999df2af8eb42d56 -> 
  custom:container-demuxer-webm: 4f35f7cbe854078d1ac9338744f61a02 -> 
  custom:SearchIndexIgnoredProperties: e643bd26f0fe6173181afceb89e7c659 -> 
  custom:container-muxer-webm: aa71ff27fc2769a1b78a27578f13a17b -> 
  custom:container-demuxer-ogg: 62fdf1f143b41e24485cea50d1cbac27 -> 
  custom:AudioImporter_EditorPlatform: 3918e3fc78b5a79bad01e8451be0beb8 -> 
  custom:CustomObjectIndexerAttribute: 9a22284fe3817be447336de3de66b15e -> 
========================================================================
Received Prepare
Caller must complete domain reload
Begin MonoManager ReloadAssembly
Thread 0x17fc17000 may have been prematurely finalized
- Loaded All Assemblies, in  0.122 seconds
Native extension for iOS target not found
Native extension for Android target not found
Native extension for OSXStandalone target not found
Native extension for WebGL target not found
Mono: successfully reloaded assembly
- Finished resetting the current domain, in  0.175 seconds
Domain Reload Profiling: 297ms
	BeginReloadAssembly (54ms)
		ExecutionOrderSort (0ms)
		DisableScriptedObjects (2ms)
		BackupInstance (0ms)
		ReleaseScriptingObjects (0ms)
		CreateAndSetChildDomain (12ms)
	RebuildCommonClasses (16ms)
	RebuildNativeTypeToScriptingClass (5ms)
	initialDomainReloadingComplete (9ms)
	LoadAllAssembliesAndSetupDomain (38ms)
		LoadAssemblies (56ms)
		RebuildTransferFunctionScriptingTraits (0ms)
		AnalyzeDomain (4ms)
			TypeCache.Refresh (2ms)
				TypeCache.ScanAssembly (0ms)
			ScanForSourceGeneratedMonoScriptInfo (0ms)
			ResolveRequiredComponents (1ms)
	FinalizeReload (175ms)
		ReleaseScriptCaches (0ms)
		RebuildScriptCaches (0ms)
		SetupLoadedEditorAssemblies (97ms)
			LogAssemblyErrors (0ms)
			InitializePlatformSupportModulesInManaged (16ms)
			SetLoadedEditorAssemblies (1ms)
			RefreshPlugins (0ms)
			BeforeProcessingInitializeOnLoad (14ms)
			ProcessInitializeOnLoadAttributes (58ms)
			ProcessInitializeOnLoadMethodAttributes (8ms)
			AfterProcessingInitializeOnLoad (1ms)
			EditorAssembliesLoaded (0ms)
		ExecutionOrderSort2 (0ms)
		AwakeInstancesAfterBackupRestoration (2ms)
Refreshing native plugins compatible for Editor in 0.10 ms, found 0 plugins.
Preloading 0 native plugins for Editor in 0.00 ms.
Unloading 313 Unused Serialized files (Serialized files now loaded: 0)
Unloading 3 unused Assets / (23.8 KB). Loaded Objects now: 802.
Memory consumption went from 125.0 MB to 125.0 MB.
Total: 1.383292 ms (FindLiveObjects: 0.026208 ms CreateObjectMapping: 0.007084 ms MarkObjects: 1.335041 ms  DeleteObjects: 0.014917 ms)

Prepare: number of updated asset objects reloaded= 0
AssetImportParameters requested are different than current active one (requested -> active):
  custom:video-encoder-webm-vp8: eb34c28f22e8b96e1ab97ce403110664 -> 
  custom:video-decoder-webm-vp8: 9c59270c3fd7afecdb556c50c9e8de78 -> 
  custom:framework-osx-AVFoundation: e770b220cccbd017edd2c1fefb359320 -> 
  custom:audio-decoder-ogg-vorbis: bf7c407c2cedff20999df2af8eb42d56 -> 
  custom:video-decoder-ogg-theora: a1e56fd34408186e4bbccfd4996cb3dc -> 
  custom:audio-encoder-webm-vorbis: bf7c407c2cedff20999df2af8eb42d56 -> 
  custom:container-demuxer-webm: 4f35f7cbe854078d1ac9338744f61a02 -> 
  custom:SearchIndexIgnoredProperties: e643bd26f0fe6173181afceb89e7c659 -> 
  custom:container-muxer-webm: aa71ff27fc2769a1b78a27578f13a17b -> 
  custom:container-demuxer-ogg: 62fdf1f143b41e24485cea50d1cbac27 -> 
  custom:AudioImporter_EditorPlatform: 3918e3fc78b5a79bad01e8451be0beb8 -> 
  custom:CustomObjectIndexerAttribute: 9a22284fe3817be447336de3de66b15e -> 
========================================================================
Received Prepare
Caller must complete domain reload
Begin MonoManager ReloadAssembly
Thread 0x17fc17000 may have been prematurely finalized
- Loaded All Assemblies, in  0.122 seconds
Native extension for iOS target not found
Native extension for Android target not found
Native extension for OSXStandalone target not found
Native extension for WebGL target not found
Mono: successfully reloaded assembly
- Finished resetting the current domain, in  0.172 seconds
Domain Reload Profiling: 294ms
	BeginReloadAssembly (54ms)
		ExecutionOrderSort (0ms)
		DisableScriptedObjects (2ms)
		BackupInstance (0ms)
		ReleaseScriptingObjects (0ms)
		CreateAndSetChildDomain (12ms)
	RebuildCommonClasses (16ms)
	RebuildNativeTypeToScriptingClass (5ms)
	initialDomainReloadingComplete (9ms)
	LoadAllAssembliesAndSetupDomain (37ms)
		LoadAssemblies (54ms)
		RebuildTransferFunctionScriptingTraits (0ms)
		AnalyzeDomain (4ms)
			TypeCache.Refresh (2ms)
				TypeCache.ScanAssembly (0ms)
			ScanForSourceGeneratedMonoScriptInfo (0ms)
			ResolveRequiredComponents (1ms)
	FinalizeReload (172ms)
		ReleaseScriptCaches (0ms)
		RebuildScriptCaches (0ms)
		SetupLoadedEditorAssemblies (96ms)
			LogAssemblyErrors (0ms)
			InitializePlatformSupportModulesInManaged (14ms)
			SetLoadedEditorAssemblies (1ms)
			RefreshPlugins (0ms)
			BeforeProcessingInitializeOnLoad (13ms)
			ProcessInitializeOnLoadAttributes (59ms)
			ProcessInitializeOnLoadMethodAttributes (8ms)
			AfterProcessingInitializeOnLoad (1ms)
			EditorAssembliesLoaded (0ms)
		ExecutionOrderSort2 (0ms)
		AwakeInstancesAfterBackupRestoration (2ms)
Refreshing native plugins compatible for Editor in 0.10 ms, found 0 plugins.
Preloading 0 native plugins for Editor in 0.00 ms.
Unloading 313 Unused Serialized files (Serialized files now loaded: 0)
Unloading 3 unused Assets / (23.9 KB). Loaded Objects now: 802.
Memory consumption went from 130.9 MB to 130.9 MB.
Total: 1.331500 ms (FindLiveObjects: 0.026375 ms CreateObjectMapping: 0.006792 ms MarkObjects: 1.287459 ms  DeleteObjects: 0.010625 ms)

Prepare: number of updated asset objects reloaded= 0
AssetImportParameters requested are different than current active one (requested -> active):
  custom:video-encoder-webm-vp8: eb34c28f22e8b96e1ab97ce403110664 -> 
  custom:video-decoder-webm-vp8: 9c59270c3fd7afecdb556c50c9e8de78 -> 
  custom:framework-osx-AVFoundation: e770b220cccbd017edd2c1fefb359320 -> 
  custom:audio-decoder-ogg-vorbis: bf7c407c2cedff20999df2af8eb42d56 -> 
  custom:video-decoder-ogg-theora: a1e56fd34408186e4bbccfd4996cb3dc -> 
  custom:audio-encoder-webm-vorbis: bf7c407c2cedff20999df2af8eb42d56 -> 
  custom:container-demuxer-webm: 4f35f7cbe854078d1ac9338744f61a02 -> 
  custom:SearchIndexIgnoredProperties: e643bd26f0fe6173181afceb89e7c659 -> 
  custom:container-muxer-webm: aa71ff27fc2769a1b78a27578f13a17b -> 
  custom:container-demuxer-ogg: 62fdf1f143b41e24485cea50d1cbac27 -> 
  custom:AudioImporter_EditorPlatform: 3918e3fc78b5a79bad01e8451be0beb8 -> 
  custom:CustomObjectIndexerAttribute: 9a22284fe3817be447336de3de66b15e -> 
========================================================================
Received Prepare
Caller must complete domain reload
Begin MonoManager ReloadAssembly
Thread 0x17fc17000 may have been prematurely finalized
- Loaded All Assemblies, in  0.121 seconds
Native extension for iOS target not found
Native extension for Android target not found
Native extension for OSXStandalone target not found
Native extension for WebGL target not found
Mono: successfully reloaded assembly
- Finished resetting the current domain, in  0.169 seconds
Domain Reload Profiling: 290ms
	BeginReloadAssembly (53ms)
		ExecutionOrderSort (0ms)
		DisableScriptedObjects (2ms)
		BackupInstance (0ms)
		ReleaseScriptingObjects (0ms)
		CreateAndSetChildDomain (13ms)
	RebuildCommonClasses (16ms)
	RebuildNativeTypeToScriptingClass (5ms)
	initialDomainReloadingComplete (9ms)
	LoadAllAssembliesAndSetupDomain (37ms)
		LoadAssemblies (54ms)
		RebuildTransferFunctionScriptingTraits (0ms)
		AnalyzeDomain (4ms)
			TypeCache.Refresh (2ms)
				TypeCache.ScanAssembly (0ms)
			ScanForSourceGeneratedMonoScriptInfo (0ms)
			ResolveRequiredComponents (1ms)
	FinalizeReload (170ms)
		ReleaseScriptCaches (0ms)
		RebuildScriptCaches (0ms)
		SetupLoadedEditorAssemblies (95ms)
			LogAssemblyErrors (0ms)
			InitializePlatformSupportModulesInManaged (14ms)
			SetLoadedEditorAssemblies (1ms)
			RefreshPlugins (0ms)
			BeforeProcessingInitializeOnLoad (13ms)
			ProcessInitializeOnLoadAttributes (59ms)
			ProcessInitializeOnLoadMethodAttributes (8ms)
			AfterProcessingInitializeOnLoad (0ms)
			EditorAssembliesLoaded (0ms)
		ExecutionOrderSort2 (0ms)
		AwakeInstancesAfterBackupRestoration (2ms)
Refreshing native plugins compatible for Editor in 0.09 ms, found 0 plugins.
Preloading 0 native plugins for Editor in 0.00 ms.
Unloading 313 Unused Serialized files (Serialized files now loaded: 0)
Unloading 3 unused Assets / (23.8 KB). Loaded Objects now: 802.
Memory consumption went from 136.9 MB to 136.8 MB.
Total: 1.216666 ms (FindLiveObjects: 0.023292 ms CreateObjectMapping: 0.005708 ms MarkObjects: 1.172459 ms  DeleteObjects: 0.015041 ms)

Prepare: number of updated asset objects reloaded= 0
AssetImportParameters requested are different than current active one (requested -> active):
  custom:video-encoder-webm-vp8: eb34c28f22e8b96e1ab97ce403110664 -> 
  custom:video-decoder-webm-vp8: 9c59270c3fd7afecdb556c50c9e8de78 -> 
  custom:framework-osx-AVFoundation: e770b220cccbd017edd2c1fefb359320 -> 
  custom:audio-decoder-ogg-vorbis: bf7c407c2cedff20999df2af8eb42d56 -> 
  custom:video-decoder-ogg-theora: a1e56fd34408186e4bbccfd4996cb3dc -> 
  custom:audio-encoder-webm-vorbis: bf7c407c2cedff20999df2af8eb42d56 -> 
  custom:container-demuxer-webm: 4f35f7cbe854078d1ac9338744f61a02 -> 
  custom:SearchIndexIgnoredProperties: e643bd26f0fe6173181afceb89e7c659 -> 
  custom:container-muxer-webm: aa71ff27fc2769a1b78a27578f13a17b -> 
  custom:container-demuxer-ogg: 62fdf1f143b41e24485cea50d1cbac27 -> 
  custom:AudioImporter_EditorPlatform: 3918e3fc78b5a79bad01e8451be0beb8 -> 
  custom:CustomObjectIndexerAttribute: 9a22284fe3817be447336de3de66b15e -> 
========================================================================
Received Prepare
Caller must complete domain reload
Begin MonoManager ReloadAssembly
Thread 0x17fc17000 may have been prematurely finalized
- Loaded All Assemblies, in  0.120 seconds
Native extension for iOS target not found
Native extension for Android target not found
Native extension for OSXStandalone target not found
Native extension for WebGL target not found
Mono: successfully reloaded assembly
- Finished resetting the current domain, in  0.174 seconds
Domain Reload Profiling: 294ms
	BeginReloadAssembly (54ms)
		ExecutionOrderSort (0ms)
		DisableScriptedObjects (2ms)
		BackupInstance (0ms)
		ReleaseScriptingObjects (0ms)
		CreateAndSetChildDomain (12ms)
	RebuildCommonClasses (16ms)
	RebuildNativeTypeToScriptingClass (5ms)
	initialDomainReloadingComplete (9ms)
	LoadAllAssembliesAndSetupDomain (37ms)
		LoadAssemblies (55ms)
		RebuildTransferFunctionScriptingTraits (0ms)
		AnalyzeDomain (4ms)
			TypeCache.Refresh (2ms)
				TypeCache.ScanAssembly (0ms)
			ScanForSourceGeneratedMonoScriptInfo (0ms)
			ResolveRequiredComponents (1ms)
	FinalizeReload (174ms)
		ReleaseScriptCaches (0ms)
		RebuildScriptCaches (0ms)
		SetupLoadedEditorAssemblies (96ms)
			LogAssemblyErrors (0ms)
			InitializePlatformSupportModulesInManaged (15ms)
			SetLoadedEditorAssemblies (1ms)
			RefreshPlugins (0ms)
			BeforeProcessingInitializeOnLoad (13ms)
			ProcessInitializeOnLoadAttributes (59ms)
			ProcessInitializeOnLoadMethodAttributes (7ms)
			AfterProcessingInitializeOnLoad (1ms)
			EditorAssembliesLoaded (0ms)
		ExecutionOrderSort2 (0ms)
		AwakeInstancesAfterBackupRestoration (1ms)
Refreshing native plugins compatible for Editor in 0.07 ms, found 0 plugins.
Preloading 0 native plugins for Editor in 0.00 ms.
Unloading 313 Unused Serialized files (Serialized files now loaded: 0)
Unloading 3 unused Assets / (23.8 KB). Loaded Objects now: 802.
Memory consumption went from 142.8 MB to 142.8 MB.
Total: 1.406875 ms (FindLiveObjects: 0.028917 ms CreateObjectMapping: 0.005541 ms MarkObjects: 1.361500 ms  DeleteObjects: 0.010750 ms)

Prepare: number of updated asset objects reloaded= 0
AssetImportParameters requested are different than current active one (requested -> active):
  custom:video-encoder-webm-vp8: eb34c28f22e8b96e1ab97ce403110664 -> 
  custom:video-decoder-webm-vp8: 9c59270c3fd7afecdb556c50c9e8de78 -> 
  custom:framework-osx-AVFoundation: e770b220cccbd017edd2c1fefb359320 -> 
  custom:audio-decoder-ogg-vorbis: bf7c407c2cedff20999df2af8eb42d56 -> 
  custom:video-decoder-ogg-theora: a1e56fd34408186e4bbccfd4996cb3dc -> 
  custom:audio-encoder-webm-vorbis: bf7c407c2cedff20999df2af8eb42d56 -> 
  custom:container-demuxer-webm: 4f35f7cbe854078d1ac9338744f61a02 -> 
  custom:SearchIndexIgnoredProperties: e643bd26f0fe6173181afceb89e7c659 -> 
  custom:container-muxer-webm: aa71ff27fc2769a1b78a27578f13a17b -> 
  custom:container-demuxer-ogg: 62fdf1f143b41e24485cea50d1cbac27 -> 
  custom:AudioImporter_EditorPlatform: 3918e3fc78b5a79bad01e8451be0beb8 -> 
  custom:CustomObjectIndexerAttribute: 9a22284fe3817be447336de3de66b15e -> 
========================================================================
Received Prepare
Caller must complete domain reload
Begin MonoManager ReloadAssembly
Thread 0x17fc17000 may have been prematurely finalized
- Loaded All Assemblies, in  0.126 seconds
Native extension for iOS target not found
Native extension for Android target not found
Native extension for OSXStandalone target not found
Native extension for WebGL target not found
Mono: successfully reloaded assembly
- Finished resetting the current domain, in  0.174 seconds
Domain Reload Profiling: 300ms
	BeginReloadAssembly (57ms)
		ExecutionOrderSort (0ms)
		DisableScriptedObjects (2ms)
		BackupInstance (0ms)
		ReleaseScriptingObjects (0ms)
		CreateAndSetChildDomain (12ms)
	RebuildCommonClasses (16ms)
	RebuildNativeTypeToScriptingClass (5ms)
	initialDomainReloadingComplete (10ms)
	LoadAllAssembliesAndSetupDomain (39ms)
		LoadAssemblies (60ms)
		RebuildTransferFunctionScriptingTraits (0ms)
		AnalyzeDomain (4ms)
			TypeCache.Refresh (2ms)
				TypeCache.ScanAssembly (0ms)
			ScanForSourceGeneratedMonoScriptInfo (0ms)
			ResolveRequiredComponents (1ms)
	FinalizeReload (174ms)
		ReleaseScriptCaches (0ms)
		RebuildScriptCaches (0ms)
		SetupLoadedEditorAssemblies (97ms)
			LogAssemblyErrors (0ms)
			InitializePlatformSupportModulesInManaged (14ms)
			SetLoadedEditorAssemblies (1ms)
			RefreshPlugins (0ms)
			BeforeProcessingInitializeOnLoad (13ms)
			ProcessInitializeOnLoadAttributes (60ms)
			ProcessInitializeOnLoadMethodAttributes (8ms)
			AfterProcessingInitializeOnLoad (0ms)
			EditorAssembliesLoaded (0ms)
		ExecutionOrderSort2 (0ms)
		AwakeInstancesAfterBackupRestoration (2ms)
Refreshing native plugins compatible for Editor in 0.10 ms, found 0 plugins.
Preloading 0 native plugins for Editor in 0.00 ms.
Unloading 313 Unused Serialized files (Serialized files now loaded: 0)
Unloading 3 unused Assets / (23.8 KB). Loaded Objects now: 802.
Memory consumption went from 148.7 MB to 148.7 MB.
Total: 1.297583 ms (FindLiveObjects: 0.029000 ms CreateObjectMapping: 0.007042 ms MarkObjects: 1.246583 ms  DeleteObjects: 0.014542 ms)

Prepare: number of updated asset objects reloaded= 0
AssetImportParameters requested are different than current active one (requested -> active):
  custom:video-encoder-webm-vp8: eb34c28f22e8b96e1ab97ce403110664 -> 
  custom:video-decoder-webm-vp8: 9c59270c3fd7afecdb556c50c9e8de78 -> 
  custom:framework-osx-AVFoundation: e770b220cccbd017edd2c1fefb359320 -> 
  custom:audio-decoder-ogg-vorbis: bf7c407c2cedff20999df2af8eb42d56 -> 
  custom:video-decoder-ogg-theora: a1e56fd34408186e4bbccfd4996cb3dc -> 
  custom:audio-encoder-webm-vorbis: bf7c407c2cedff20999df2af8eb42d56 -> 
  custom:container-demuxer-webm: 4f35f7cbe854078d1ac9338744f61a02 -> 
  custom:SearchIndexIgnoredProperties: e643bd26f0fe6173181afceb89e7c659 -> 
  custom:container-muxer-webm: aa71ff27fc2769a1b78a27578f13a17b -> 
  custom:container-demuxer-ogg: 62fdf1f143b41e24485cea50d1cbac27 -> 
  custom:AudioImporter_EditorPlatform: 3918e3fc78b5a79bad01e8451be0beb8 -> 
  custom:CustomObjectIndexerAttribute: 9a22284fe3817be447336de3de66b15e -> 
========================================================================
Received Prepare
Caller must complete domain reload
Begin MonoManager ReloadAssembly
Thread 0x17fc17000 may have been prematurely finalized
- Loaded All Assemblies, in  0.123 seconds
Native extension for iOS target not found
Native extension for Android target not found
Native extension for OSXStandalone target not found
Native extension for WebGL target not found
Mono: successfully reloaded assembly
- Finished resetting the current domain, in  0.169 seconds
Domain Reload Profiling: 292ms
	BeginReloadAssembly (54ms)
		ExecutionOrderSort (0ms)
		DisableScriptedObjects (2ms)
		BackupInstance (0ms)
		ReleaseScriptingObjects (0ms)
		CreateAndSetChildDomain (13ms)
	RebuildCommonClasses (16ms)
	RebuildNativeTypeToScriptingClass (5ms)
	initialDomainReloadingComplete (9ms)
	LoadAllAssembliesAndSetupDomain (38ms)
		LoadAssemblies (56ms)
		RebuildTransferFunctionScriptingTraits (0ms)
		AnalyzeDomain (4ms)
			TypeCache.Refresh (2ms)
				TypeCache.ScanAssembly (0ms)
			ScanForSourceGeneratedMonoScriptInfo (0ms)
			ResolveRequiredComponents (1ms)
	FinalizeReload (169ms)
		ReleaseScriptCaches (0ms)
		RebuildScriptCaches (0ms)
		SetupLoadedEditorAssemblies (95ms)
			LogAssemblyErrors (0ms)
			InitializePlatformSupportModulesInManaged (14ms)
			SetLoadedEditorAssemblies (1ms)
			RefreshPlugins (0ms)
			BeforeProcessingInitializeOnLoad (13ms)
			ProcessInitializeOnLoadAttributes (59ms)
			ProcessInitializeOnLoadMethodAttributes (8ms)
			AfterProcessingInitializeOnLoad (0ms)
			EditorAssembliesLoaded (0ms)
		ExecutionOrderSort2 (0ms)
		AwakeInstancesAfterBackupRestoration (2ms)
Refreshing native plugins compatible for Editor in 0.08 ms, found 0 plugins.
Preloading 0 native plugins for Editor in 0.00 ms.
Unloading 313 Unused Serialized files (Serialized files now loaded: 0)
Unloading 3 unused Assets / (23.9 KB). Loaded Objects now: 802.
Memory consumption went from 154.6 MB to 154.6 MB.
Total: 1.250625 ms (FindLiveObjects: 0.028459 ms CreateObjectMapping: 0.006875 ms MarkObjects: 1.203500 ms  DeleteObjects: 0.011584 ms)

Prepare: number of updated asset objects reloaded= 0
AssetImportParameters requested are different than current active one (requested -> active):
  custom:video-encoder-webm-vp8: eb34c28f22e8b96e1ab97ce403110664 -> 
  custom:video-decoder-webm-vp8: 9c59270c3fd7afecdb556c50c9e8de78 -> 
  custom:framework-osx-AVFoundation: e770b220cccbd017edd2c1fefb359320 -> 
  custom:audio-decoder-ogg-vorbis: bf7c407c2cedff20999df2af8eb42d56 -> 
  custom:video-decoder-ogg-theora: a1e56fd34408186e4bbccfd4996cb3dc -> 
  custom:audio-encoder-webm-vorbis: bf7c407c2cedff20999df2af8eb42d56 -> 
  custom:container-demuxer-webm: 4f35f7cbe854078d1ac9338744f61a02 -> 
  custom:SearchIndexIgnoredProperties: e643bd26f0fe6173181afceb89e7c659 -> 
  custom:container-muxer-webm: aa71ff27fc2769a1b78a27578f13a17b -> 
  custom:container-demuxer-ogg: 62fdf1f143b41e24485cea50d1cbac27 -> 
  custom:AudioImporter_EditorPlatform: 3918e3fc78b5a79bad01e8451be0beb8 -> 
  custom:CustomObjectIndexerAttribute: 9a22284fe3817be447336de3de66b15e -> 
========================================================================
Received Prepare
Caller must complete domain reload
Begin MonoManager ReloadAssembly
Thread 0x17fc17000 may have been prematurely finalized
- Loaded All Assemblies, in  0.120 seconds
Native extension for iOS target not found
Native extension for Android target not found
Native extension for OSXStandalone target not found
Native extension for WebGL target not found
Mono: successfully reloaded assembly
- Finished resetting the current domain, in  0.170 seconds
Domain Reload Profiling: 290ms
	BeginReloadAssembly (53ms)
		ExecutionOrderSort (0ms)
		DisableScriptedObjects (2ms)
		BackupInstance (0ms)
		ReleaseScriptingObjects (0ms)
		CreateAndSetChildDomain (13ms)
	RebuildCommonClasses (16ms)
	RebuildNativeTypeToScriptingClass (5ms)
	initialDomainReloadingComplete (9ms)
	LoadAllAssembliesAndSetupDomain (37ms)
		LoadAssemblies (54ms)
		RebuildTransferFunctionScriptingTraits (0ms)
		AnalyzeDomain (4ms)
			TypeCache.Refresh (2ms)
				TypeCache.ScanAssembly (0ms)
			ScanForSourceGeneratedMonoScriptInfo (0ms)
			ResolveRequiredComponents (1ms)
	FinalizeReload (170ms)
		ReleaseScriptCaches (0ms)
		RebuildScriptCaches (0ms)
		SetupLoadedEditorAssemblies (95ms)
			LogAssemblyErrors (0ms)
			InitializePlatformSupportModulesInManaged (14ms)
			SetLoadedEditorAssemblies (1ms)
			RefreshPlugins (0ms)
			BeforeProcessingInitializeOnLoad (13ms)
			ProcessInitializeOnLoadAttributes (59ms)
			ProcessInitializeOnLoadMethodAttributes (8ms)
			AfterProcessingInitializeOnLoad (0ms)
			EditorAssembliesLoaded (0ms)
		ExecutionOrderSort2 (0ms)
		AwakeInstancesAfterBackupRestoration (2ms)
Refreshing native plugins compatible for Editor in 0.08 ms, found 0 plugins.
Preloading 0 native plugins for Editor in 0.00 ms.
Unloading 313 Unused Serialized files (Serialized files now loaded: 0)
Unloading 3 unused Assets / (23.8 KB). Loaded Objects now: 802.
Memory consumption went from 160.5 MB to 160.5 MB.
Total: 1.337208 ms (FindLiveObjects: 0.028000 ms CreateObjectMapping: 0.006833 ms MarkObjects: 1.289833 ms  DeleteObjects: 0.012208 ms)

Prepare: number of updated asset objects reloaded= 0
AssetImportParameters requested are different than current active one (requested -> active):
  custom:video-encoder-webm-vp8: eb34c28f22e8b96e1ab97ce403110664 -> 
  custom:video-decoder-webm-vp8: 9c59270c3fd7afecdb556c50c9e8de78 -> 
  custom:framework-osx-AVFoundation: e770b220cccbd017edd2c1fefb359320 -> 
  custom:audio-decoder-ogg-vorbis: bf7c407c2cedff20999df2af8eb42d56 -> 
  custom:video-decoder-ogg-theora: a1e56fd34408186e4bbccfd4996cb3dc -> 
  custom:audio-encoder-webm-vorbis: bf7c407c2cedff20999df2af8eb42d56 -> 
  custom:container-demuxer-webm: 4f35f7cbe854078d1ac9338744f61a02 -> 
  custom:SearchIndexIgnoredProperties: e643bd26f0fe6173181afceb89e7c659 -> 
  custom:container-muxer-webm: aa71ff27fc2769a1b78a27578f13a17b -> 
  custom:container-demuxer-ogg: 62fdf1f143b41e24485cea50d1cbac27 -> 
  custom:AudioImporter_EditorPlatform: 3918e3fc78b5a79bad01e8451be0beb8 -> 
  custom:CustomObjectIndexerAttribute: 9a22284fe3817be447336de3de66b15e -> 
========================================================================
Received Prepare
Caller must complete domain reload
Begin MonoManager ReloadAssembly
Thread 0x17fc17000 may have been prematurely finalized
- Loaded All Assemblies, in  0.122 seconds
Native extension for iOS target not found
Native extension for Android target not found
Native extension for OSXStandalone target not found
Native extension for WebGL target not found
Mono: successfully reloaded assembly
- Finished resetting the current domain, in  0.175 seconds
Domain Reload Profiling: 296ms
	BeginReloadAssembly (54ms)
		ExecutionOrderSort (0ms)
		DisableScriptedObjects (3ms)
		BackupInstance (0ms)
		ReleaseScriptingObjects (0ms)
		CreateAndSetChildDomain (12ms)
	RebuildCommonClasses (16ms)
	RebuildNativeTypeToScriptingClass (5ms)
	initialDomainReloadingComplete (9ms)
	LoadAllAssembliesAndSetupDomain (37ms)
		LoadAssemblies (56ms)
		RebuildTransferFunctionScriptingTraits (0ms)
		AnalyzeDomain (3ms)
			TypeCache.Refresh (2ms)
				TypeCache.ScanAssembly (0ms)
			ScanForSourceGeneratedMonoScriptInfo (0ms)
			ResolveRequiredComponents (1ms)
	FinalizeReload (175ms)
		ReleaseScriptCaches (0ms)
		RebuildScriptCaches (0ms)
		SetupLoadedEditorAssemblies (97ms)
			LogAssemblyErrors (0ms)
			InitializePlatformSupportModulesInManaged (14ms)
			SetLoadedEditorAssemblies (1ms)
			RefreshPlugins (0ms)
			BeforeProcessingInitializeOnLoad (13ms)
			ProcessInitializeOnLoadAttributes (60ms)
			ProcessInitializeOnLoadMethodAttributes (8ms)
			AfterProcessingInitializeOnLoad (1ms)
			EditorAssembliesLoaded (0ms)
		ExecutionOrderSort2 (0ms)
		AwakeInstancesAfterBackupRestoration (2ms)
Refreshing native plugins compatible for Editor in 0.10 ms, found 0 plugins.
Preloading 0 native plugins for Editor in 0.00 ms.
Unloading 313 Unused Serialized files (Serialized files now loaded: 0)
Unloading 3 unused Assets / (23.8 KB). Loaded Objects now: 802.
Memory consumption went from 166.5 MB to 166.4 MB.
Total: 1.534917 ms (FindLiveObjects: 0.026417 ms CreateObjectMapping: 0.005500 ms MarkObjects: 1.489042 ms  DeleteObjects: 0.013708 ms)

Prepare: number of updated asset objects reloaded= 0
AssetImportParameters requested are different than current active one (requested -> active):
  custom:video-encoder-webm-vp8: eb34c28f22e8b96e1ab97ce403110664 -> 
  custom:video-decoder-webm-vp8: 9c59270c3fd7afecdb556c50c9e8de78 -> 
  custom:framework-osx-AVFoundation: e770b220cccbd017edd2c1fefb359320 -> 
  custom:audio-decoder-ogg-vorbis: bf7c407c2cedff20999df2af8eb42d56 -> 
  custom:video-decoder-ogg-theora: a1e56fd34408186e4bbccfd4996cb3dc -> 
  custom:audio-encoder-webm-vorbis: bf7c407c2cedff20999df2af8eb42d56 -> 
  custom:container-demuxer-webm: 4f35f7cbe854078d1ac9338744f61a02 -> 
  custom:SearchIndexIgnoredProperties: e643bd26f0fe6173181afceb89e7c659 -> 
  custom:container-muxer-webm: aa71ff27fc2769a1b78a27578f13a17b -> 
  custom:container-demuxer-ogg: 62fdf1f143b41e24485cea50d1cbac27 -> 
  custom:AudioImporter_EditorPlatform: 3918e3fc78b5a79bad01e8451be0beb8 -> 
  custom:CustomObjectIndexerAttribute: 9a22284fe3817be447336de3de66b15e -> 
========================================================================
Received Prepare
Caller must complete domain reload
Begin MonoManager ReloadAssembly
Thread 0x17fc17000 may have been prematurely finalized
- Loaded All Assemblies, in  0.120 seconds
Native extension for iOS target not found
Native extension for Android target not found
Native extension for OSXStandalone target not found
Native extension for WebGL target not found
Mono: successfully reloaded assembly
- Finished resetting the current domain, in  0.175 seconds
Domain Reload Profiling: 295ms
	BeginReloadAssembly (54ms)
		ExecutionOrderSort (0ms)
		DisableScriptedObjects (2ms)
		BackupInstance (0ms)
		ReleaseScriptingObjects (0ms)
		CreateAndSetChildDomain (13ms)
	RebuildCommonClasses (16ms)
	RebuildNativeTypeToScriptingClass (5ms)
	initialDomainReloadingComplete (9ms)
	LoadAllAssembliesAndSetupDomain (37ms)
		LoadAssemblies (53ms)
		RebuildTransferFunctionScriptingTraits (0ms)
		AnalyzeDomain (5ms)
			TypeCache.Refresh (2ms)
				TypeCache.ScanAssembly (0ms)
			ScanForSourceGeneratedMonoScriptInfo (0ms)
			ResolveRequiredComponents (1ms)
	FinalizeReload (175ms)
		ReleaseScriptCaches (0ms)
		RebuildScriptCaches (0ms)
		SetupLoadedEditorAssemblies (99ms)
			LogAssemblyErrors (0ms)
			InitializePlatformSupportModulesInManaged (15ms)
			SetLoadedEditorAssemblies (1ms)
			RefreshPlugins (0ms)
			BeforeProcessingInitializeOnLoad (13ms)
			ProcessInitializeOnLoadAttributes (61ms)
			ProcessInitializeOnLoadMethodAttributes (8ms)
			AfterProcessingInitializeOnLoad (0ms)
			EditorAssembliesLoaded (0ms)
		ExecutionOrderSort2 (0ms)
		AwakeInstancesAfterBackupRestoration (2ms)
Refreshing native plugins compatible for Editor in 0.10 ms, found 0 plugins.
Preloading 0 native plugins for Editor in 0.00 ms.
Unloading 313 Unused Serialized files (Serialized files now loaded: 0)
Unloading 3 unused Assets / (23.8 KB). Loaded Objects now: 802.
Memory consumption went from 172.4 MB to 172.3 MB.
Total: 1.703625 ms (FindLiveObjects: 0.031625 ms CreateObjectMapping: 0.006417 ms MarkObjects: 1.643625 ms  DeleteObjects: 0.021584 ms)

Prepare: number of updated asset objects reloaded= 0
AssetImportParameters requested are different than current active one (requested -> active):
  custom:video-encoder-webm-vp8: eb34c28f22e8b96e1ab97ce403110664 -> 
  custom:video-decoder-webm-vp8: 9c59270c3fd7afecdb556c50c9e8de78 -> 
  custom:framework-osx-AVFoundation: e770b220cccbd017edd2c1fefb359320 -> 
  custom:audio-decoder-ogg-vorbis: bf7c407c2cedff20999df2af8eb42d56 -> 
  custom:video-decoder-ogg-theora: a1e56fd34408186e4bbccfd4996cb3dc -> 
  custom:audio-encoder-webm-vorbis: bf7c407c2cedff20999df2af8eb42d56 -> 
  custom:container-demuxer-webm: 4f35f7cbe854078d1ac9338744f61a02 -> 
  custom:SearchIndexIgnoredProperties: e643bd26f0fe6173181afceb89e7c659 -> 
  custom:container-muxer-webm: aa71ff27fc2769a1b78a27578f13a17b -> 
  custom:container-demuxer-ogg: 62fdf1f143b41e24485cea50d1cbac27 -> 
  custom:AudioImporter_EditorPlatform: 3918e3fc78b5a79bad01e8451be0beb8 -> 
  custom:CustomObjectIndexerAttribute: 9a22284fe3817be447336de3de66b15e -> 
========================================================================
Received Prepare
Caller must complete domain reload
Begin MonoManager ReloadAssembly
Thread 0x17fc17000 may have been prematurely finalized
- Loaded All Assemblies, in  0.122 seconds
Native extension for iOS target not found
Native extension for Android target not found
Native extension for OSXStandalone target not found
Native extension for WebGL target not found
Mono: successfully reloaded assembly
- Finished resetting the current domain, in  0.174 seconds
Domain Reload Profiling: 296ms
	BeginReloadAssembly (53ms)
		ExecutionOrderSort (0ms)
		DisableScriptedObjects (2ms)
		BackupInstance (0ms)
		ReleaseScriptingObjects (0ms)
		CreateAndSetChildDomain (12ms)
	RebuildCommonClasses (16ms)
	RebuildNativeTypeToScriptingClass (5ms)
	initialDomainReloadingComplete (9ms)
	LoadAllAssembliesAndSetupDomain (38ms)
		LoadAssemblies (56ms)
		RebuildTransferFunctionScriptingTraits (0ms)
		AnalyzeDomain (4ms)
			TypeCache.Refresh (2ms)
				TypeCache.ScanAssembly (0ms)
			ScanForSourceGeneratedMonoScriptInfo (0ms)
			ResolveRequiredComponents (1ms)
	FinalizeReload (174ms)
		ReleaseScriptCaches (0ms)
		RebuildScriptCaches (0ms)
		SetupLoadedEditorAssemblies (97ms)
			LogAssemblyErrors (0ms)
			InitializePlatformSupportModulesInManaged (14ms)
			SetLoadedEditorAssemblies (1ms)
			RefreshPlugins (0ms)
			BeforeProcessingInitializeOnLoad (14ms)
			ProcessInitializeOnLoadAttributes (59ms)
			ProcessInitializeOnLoadMethodAttributes (8ms)
			AfterProcessingInitializeOnLoad (1ms)
			EditorAssembliesLoaded (0ms)
		ExecutionOrderSort2 (0ms)
		AwakeInstancesAfterBackupRestoration (2ms)
Refreshing native plugins compatible for Editor in 0.10 ms, found 0 plugins.
Preloading 0 native plugins for Editor in 0.00 ms.
Unloading 313 Unused Serialized files (Serialized files now loaded: 0)
Unloading 3 unused Assets / (23.9 KB). Loaded Objects now: 802.
Memory consumption went from 178.3 MB to 178.3 MB.
Total: 1.405000 ms (FindLiveObjects: 0.024958 ms CreateObjectMapping: 0.005917 ms MarkObjects: 1.360917 ms  DeleteObjects: 0.012958 ms)

Prepare: number of updated asset objects reloaded= 0
AssetImportParameters requested are different than current active one (requested -> active):
  custom:video-encoder-webm-vp8: eb34c28f22e8b96e1ab97ce403110664 -> 
  custom:video-decoder-webm-vp8: 9c59270c3fd7afecdb556c50c9e8de78 -> 
  custom:framework-osx-AVFoundation: e770b220cccbd017edd2c1fefb359320 -> 
  custom:audio-decoder-ogg-vorbis: bf7c407c2cedff20999df2af8eb42d56 -> 
  custom:video-decoder-ogg-theora: a1e56fd34408186e4bbccfd4996cb3dc -> 
  custom:audio-encoder-webm-vorbis: bf7c407c2cedff20999df2af8eb42d56 -> 
  custom:container-demuxer-webm: 4f35f7cbe854078d1ac9338744f61a02 -> 
  custom:SearchIndexIgnoredProperties: e643bd26f0fe6173181afceb89e7c659 -> 
  custom:container-muxer-webm: aa71ff27fc2769a1b78a27578f13a17b -> 
  custom:container-demuxer-ogg: 62fdf1f143b41e24485cea50d1cbac27 -> 
  custom:AudioImporter_EditorPlatform: 3918e3fc78b5a79bad01e8451be0beb8 -> 
  custom:CustomObjectIndexerAttribute: 9a22284fe3817be447336de3de66b15e -> 
========================================================================
Received Prepare
Caller must complete domain reload
Begin MonoManager ReloadAssembly
Thread 0x17fc17000 may have been prematurely finalized
- Loaded All Assemblies, in  0.125 seconds
Native extension for iOS target not found
Native extension for Android target not found
Native extension for OSXStandalone target not found
Native extension for WebGL target not found
Mono: successfully reloaded assembly
- Finished resetting the current domain, in  0.172 seconds
Domain Reload Profiling: 298ms
	BeginReloadAssembly (54ms)
		ExecutionOrderSort (0ms)
		DisableScriptedObjects (2ms)
		BackupInstance (0ms)
		ReleaseScriptingObjects (0ms)
		CreateAndSetChildDomain (13ms)
	RebuildCommonClasses (16ms)
	RebuildNativeTypeToScriptingClass (5ms)
	initialDomainReloadingComplete (9ms)
	LoadAllAssembliesAndSetupDomain (41ms)
		LoadAssemblies (58ms)
		RebuildTransferFunctionScriptingTraits (0ms)
		AnalyzeDomain (4ms)
			TypeCache.Refresh (2ms)
				TypeCache.ScanAssembly (0ms)
			ScanForSourceGeneratedMonoScriptInfo (0ms)
			ResolveRequiredComponents (1ms)
	FinalizeReload (173ms)
		ReleaseScriptCaches (0ms)
		RebuildScriptCaches (0ms)
		SetupLoadedEditorAssemblies (95ms)
			LogAssemblyErrors (0ms)
			InitializePlatformSupportModulesInManaged (14ms)
			SetLoadedEditorAssemblies (1ms)
			RefreshPlugins (0ms)
			BeforeProcessingInitializeOnLoad (13ms)
			ProcessInitializeOnLoadAttributes (58ms)
			ProcessInitializeOnLoadMethodAttributes (8ms)
			AfterProcessingInitializeOnLoad (0ms)
			EditorAssembliesLoaded (0ms)
		ExecutionOrderSort2 (0ms)
		AwakeInstancesAfterBackupRestoration (2ms)
Refreshing native plugins compatible for Editor in 0.10 ms, found 0 plugins.
Preloading 0 native plugins for Editor in 0.00 ms.
Unloading 313 Unused Serialized files (Serialized files now loaded: 0)
Unloading 3 unused Assets / (23.8 KB). Loaded Objects now: 802.
Memory consumption went from 184.2 MB to 184.2 MB.
Total: 1.457458 ms (FindLiveObjects: 0.026209 ms CreateObjectMapping: 0.005583 ms MarkObjects: 1.412875 ms  DeleteObjects: 0.012458 ms)

Prepare: number of updated asset objects reloaded= 0
AssetImportParameters requested are different than current active one (requested -> active):
  custom:video-encoder-webm-vp8: eb34c28f22e8b96e1ab97ce403110664 -> 
  custom:video-decoder-webm-vp8: 9c59270c3fd7afecdb556c50c9e8de78 -> 
  custom:framework-osx-AVFoundation: e770b220cccbd017edd2c1fefb359320 -> 
  custom:audio-decoder-ogg-vorbis: bf7c407c2cedff20999df2af8eb42d56 -> 
  custom:video-decoder-ogg-theora: a1e56fd34408186e4bbccfd4996cb3dc -> 
  custom:audio-encoder-webm-vorbis: bf7c407c2cedff20999df2af8eb42d56 -> 
  custom:container-demuxer-webm: 4f35f7cbe854078d1ac9338744f61a02 -> 
  custom:SearchIndexIgnoredProperties: e643bd26f0fe6173181afceb89e7c659 -> 
  custom:container-muxer-webm: aa71ff27fc2769a1b78a27578f13a17b -> 
  custom:container-demuxer-ogg: 62fdf1f143b41e24485cea50d1cbac27 -> 
  custom:AudioImporter_EditorPlatform: 3918e3fc78b5a79bad01e8451be0beb8 -> 
  custom:CustomObjectIndexerAttribute: 9a22284fe3817be447336de3de66b15e -> 
========================================================================
Received Prepare
Caller must complete domain reload
Begin MonoManager ReloadAssembly
Thread 0x17fc17000 may have been prematurely finalized
- Loaded All Assemblies, in  0.122 seconds
Native extension for iOS target not found
Native extension for Android target not found
Native extension for OSXStandalone target not found
Native extension for WebGL target not found
Mono: successfully reloaded assembly
- Finished resetting the current domain, in  0.174 seconds
Domain Reload Profiling: 296ms
	BeginReloadAssembly (54ms)
		ExecutionOrderSort (0ms)
		DisableScriptedObjects (2ms)
		BackupInstance (0ms)
		ReleaseScriptingObjects (0ms)
		CreateAndSetChildDomain (12ms)
	RebuildCommonClasses (16ms)
	RebuildNativeTypeToScriptingClass (5ms)
	initialDomainReloadingComplete (9ms)
	LoadAllAssembliesAndSetupDomain (37ms)
		LoadAssemblies (56ms)
		RebuildTransferFunctionScriptingTraits (0ms)
		AnalyzeDomain (4ms)
			TypeCache.Refresh (2ms)
				TypeCache.ScanAssembly (0ms)
			ScanForSourceGeneratedMonoScriptInfo (0ms)
			ResolveRequiredComponents (1ms)
	FinalizeReload (174ms)
		ReleaseScriptCaches (0ms)
		RebuildScriptCaches (0ms)
		SetupLoadedEditorAssemblies (96ms)
			LogAssemblyErrors (0ms)
			InitializePlatformSupportModulesInManaged (14ms)
			SetLoadedEditorAssemblies (1ms)
			RefreshPlugins (0ms)
			BeforeProcessingInitializeOnLoad (13ms)
			ProcessInitializeOnLoadAttributes (58ms)
			ProcessInitializeOnLoadMethodAttributes (8ms)
			AfterProcessingInitializeOnLoad (1ms)
			EditorAssembliesLoaded (0ms)
		ExecutionOrderSort2 (0ms)
		AwakeInstancesAfterBackupRestoration (2ms)
Refreshing native plugins compatible for Editor in 0.11 ms, found 0 plugins.
Preloading 0 native plugins for Editor in 0.00 ms.
Unloading 313 Unused Serialized files (Serialized files now loaded: 0)
Unloading 3 unused Assets / (23.8 KB). Loaded Objects now: 802.
Memory consumption went from 190.1 MB to 190.1 MB.
Total: 1.417292 ms (FindLiveObjects: 0.022250 ms CreateObjectMapping: 0.005750 ms MarkObjects: 1.374334 ms  DeleteObjects: 0.014709 ms)

Prepare: number of updated asset objects reloaded= 0
AssetImportParameters requested are different than current active one (requested -> active):
  custom:video-encoder-webm-vp8: eb34c28f22e8b96e1ab97ce403110664 -> 
  custom:video-decoder-webm-vp8: 9c59270c3fd7afecdb556c50c9e8de78 -> 
  custom:framework-osx-AVFoundation: e770b220cccbd017edd2c1fefb359320 -> 
  custom:audio-decoder-ogg-vorbis: bf7c407c2cedff20999df2af8eb42d56 -> 
  custom:video-decoder-ogg-theora: a1e56fd34408186e4bbccfd4996cb3dc -> 
  custom:audio-encoder-webm-vorbis: bf7c407c2cedff20999df2af8eb42d56 -> 
  custom:container-demuxer-webm: 4f35f7cbe854078d1ac9338744f61a02 -> 
  custom:SearchIndexIgnoredProperties: e643bd26f0fe6173181afceb89e7c659 -> 
  custom:container-muxer-webm: aa71ff27fc2769a1b78a27578f13a17b -> 
  custom:container-demuxer-ogg: 62fdf1f143b41e24485cea50d1cbac27 -> 
  custom:AudioImporter_EditorPlatform: 3918e3fc78b5a79bad01e8451be0beb8 -> 
  custom:CustomObjectIndexerAttribute: 9a22284fe3817be447336de3de66b15e -> 
========================================================================
Received Prepare
Caller must complete domain reload
Begin MonoManager ReloadAssembly
Thread 0x17fc17000 may have been prematurely finalized
- Loaded All Assemblies, in  0.128 seconds
Native extension for iOS target not found
Native extension for Android target not found
Native extension for OSXStandalone target not found
Native extension for WebGL target not found
Mono: successfully reloaded assembly
- Finished resetting the current domain, in  0.186 seconds
Domain Reload Profiling: 314ms
	BeginReloadAssembly (54ms)
		ExecutionOrderSort (0ms)
		DisableScriptedObjects (2ms)
		BackupInstance (0ms)
		ReleaseScriptingObjects (0ms)
		CreateAndSetChildDomain (13ms)
	RebuildCommonClasses (16ms)
	RebuildNativeTypeToScriptingClass (5ms)
	initialDomainReloadingComplete (9ms)
	LoadAllAssembliesAndSetupDomain (43ms)
		LoadAssemblies (61ms)
		RebuildTransferFunctionScriptingTraits (0ms)
		AnalyzeDomain (4ms)
			TypeCache.Refresh (2ms)
				TypeCache.ScanAssembly (0ms)
			ScanForSourceGeneratedMonoScriptInfo (0ms)
			ResolveRequiredComponents (1ms)
	FinalizeReload (186ms)
		ReleaseScriptCaches (0ms)
		RebuildScriptCaches (0ms)
		SetupLoadedEditorAssemblies (98ms)
			LogAssemblyErrors (0ms)
			InitializePlatformSupportModulesInManaged (14ms)
			SetLoadedEditorAssemblies (1ms)
			RefreshPlugins (0ms)
			BeforeProcessingInitializeOnLoad (14ms)
			ProcessInitializeOnLoadAttributes (60ms)
			ProcessInitializeOnLoadMethodAttributes (8ms)
			AfterProcessingInitializeOnLoad (1ms)
			EditorAssembliesLoaded (0ms)
		ExecutionOrderSort2 (0ms)
		AwakeInstancesAfterBackupRestoration (2ms)
Refreshing native plugins compatible for Editor in 0.11 ms, found 0 plugins.
Preloading 0 native plugins for Editor in 0.00 ms.
Unloading 313 Unused Serialized files (Serialized files now loaded: 0)
Unloading 3 unused Assets / (23.8 KB). Loaded Objects now: 802.
Memory consumption went from 196.0 MB to 196.0 MB.
Total: 1.440625 ms (FindLiveObjects: 0.027625 ms CreateObjectMapping: 0.005833 ms MarkObjects: 1.394917 ms  DeleteObjects: 0.011958 ms)

Prepare: number of updated asset objects reloaded= 0
AssetImportParameters requested are different than current active one (requested -> active):
  custom:video-encoder-webm-vp8: eb34c28f22e8b96e1ab97ce403110664 -> 
  custom:video-decoder-webm-vp8: 9c59270c3fd7afecdb556c50c9e8de78 -> 
  custom:framework-osx-AVFoundation: e770b220cccbd017edd2c1fefb359320 -> 
  custom:audio-decoder-ogg-vorbis: bf7c407c2cedff20999df2af8eb42d56 -> 
  custom:video-decoder-ogg-theora: a1e56fd34408186e4bbccfd4996cb3dc -> 
  custom:audio-encoder-webm-vorbis: bf7c407c2cedff20999df2af8eb42d56 -> 
  custom:container-demuxer-webm: 4f35f7cbe854078d1ac9338744f61a02 -> 
  custom:SearchIndexIgnoredProperties: e643bd26f0fe6173181afceb89e7c659 -> 
  custom:container-muxer-webm: aa71ff27fc2769a1b78a27578f13a17b -> 
  custom:container-demuxer-ogg: 62fdf1f143b41e24485cea50d1cbac27 -> 
  custom:AudioImporter_EditorPlatform: 3918e3fc78b5a79bad01e8451be0beb8 -> 
  custom:CustomObjectIndexerAttribute: 9a22284fe3817be447336de3de66b15e -> 
========================================================================
Received Prepare
Caller must complete domain reload
Begin MonoManager ReloadAssembly
Thread 0x17fc17000 may have been prematurely finalized
- Loaded All Assemblies, in  0.122 seconds
Native extension for iOS target not found
Native extension for Android target not found
Native extension for OSXStandalone target not found
Native extension for WebGL target not found
Mono: successfully reloaded assembly
- Finished resetting the current domain, in  0.174 seconds
Domain Reload Profiling: 297ms
	BeginReloadAssembly (55ms)
		ExecutionOrderSort (0ms)
		DisableScriptedObjects (2ms)
		BackupInstance (0ms)
		ReleaseScriptingObjects (0ms)
		CreateAndSetChildDomain (13ms)
	RebuildCommonClasses (16ms)
	RebuildNativeTypeToScriptingClass (5ms)
	initialDomainReloadingComplete (9ms)
	LoadAllAssembliesAndSetupDomain (37ms)
		LoadAssemblies (55ms)
		RebuildTransferFunctionScriptingTraits (0ms)
		AnalyzeDomain (4ms)
			TypeCache.Refresh (2ms)
				TypeCache.ScanAssembly (0ms)
			ScanForSourceGeneratedMonoScriptInfo (0ms)
			ResolveRequiredComponents (1ms)
	FinalizeReload (175ms)
		ReleaseScriptCaches (0ms)
		RebuildScriptCaches (0ms)
		SetupLoadedEditorAssemblies (97ms)
			LogAssemblyErrors (0ms)
			InitializePlatformSupportModulesInManaged (16ms)
			SetLoadedEditorAssemblies (1ms)
			RefreshPlugins (0ms)
			BeforeProcessingInitializeOnLoad (13ms)
			ProcessInitializeOnLoadAttributes (58ms)
			ProcessInitializeOnLoadMethodAttributes (8ms)
			AfterProcessingInitializeOnLoad (1ms)
			EditorAssembliesLoaded (0ms)
		ExecutionOrderSort2 (0ms)
		AwakeInstancesAfterBackupRestoration (2ms)
Refreshing native plugins compatible for Editor in 0.10 ms, found 0 plugins.
Preloading 0 native plugins for Editor in 0.00 ms.
Unloading 313 Unused Serialized files (Serialized files now loaded: 0)
Unloading 3 unused Assets / (23.8 KB). Loaded Objects now: 802.
Memory consumption went from 202.0 MB to 201.9 MB.
Total: 1.326667 ms (FindLiveObjects: 0.024166 ms CreateObjectMapping: 0.005625 ms MarkObjects: 1.286584 ms  DeleteObjects: 0.010125 ms)

Prepare: number of updated asset objects reloaded= 0
AssetImportParameters requested are different than current active one (requested -> active):
  custom:video-encoder-webm-vp8: eb34c28f22e8b96e1ab97ce403110664 -> 
  custom:video-decoder-webm-vp8: 9c59270c3fd7afecdb556c50c9e8de78 -> 
  custom:framework-osx-AVFoundation: e770b220cccbd017edd2c1fefb359320 -> 
  custom:audio-decoder-ogg-vorbis: bf7c407c2cedff20999df2af8eb42d56 -> 
  custom:video-decoder-ogg-theora: a1e56fd34408186e4bbccfd4996cb3dc -> 
  custom:audio-encoder-webm-vorbis: bf7c407c2cedff20999df2af8eb42d56 -> 
  custom:container-demuxer-webm: 4f35f7cbe854078d1ac9338744f61a02 -> 
  custom:SearchIndexIgnoredProperties: e643bd26f0fe6173181afceb89e7c659 -> 
  custom:container-muxer-webm: aa71ff27fc2769a1b78a27578f13a17b -> 
  custom:container-demuxer-ogg: 62fdf1f143b41e24485cea50d1cbac27 -> 
  custom:AudioImporter_EditorPlatform: 3918e3fc78b5a79bad01e8451be0beb8 -> 
  custom:CustomObjectIndexerAttribute: 9a22284fe3817be447336de3de66b15e -> 
========================================================================
Received Prepare
Caller must complete domain reload
Begin MonoManager ReloadAssembly
Thread 0x17f0bf000 may have been prematurely finalized
- Loaded All Assemblies, in  0.121 seconds
Native extension for iOS target not found
Native extension for Android target not found
Native extension for OSXStandalone target not found
Native extension for WebGL target not found
Mono: successfully reloaded assembly
- Finished resetting the current domain, in  0.172 seconds
Domain Reload Profiling: 293ms
	BeginReloadAssembly (54ms)
		ExecutionOrderSort (0ms)
		DisableScriptedObjects (2ms)
		BackupInstance (0ms)
		ReleaseScriptingObjects (0ms)
		CreateAndSetChildDomain (13ms)
	RebuildCommonClasses (16ms)
	RebuildNativeTypeToScriptingClass (5ms)
	initialDomainReloadingComplete (9ms)
	LoadAllAssembliesAndSetupDomain (37ms)
		LoadAssemblies (55ms)
		RebuildTransferFunctionScriptingTraits (0ms)
		AnalyzeDomain (4ms)
			TypeCache.Refresh (2ms)
				TypeCache.ScanAssembly (0ms)
			ScanForSourceGeneratedMonoScriptInfo (0ms)
			ResolveRequiredComponents (1ms)
	FinalizeReload (172ms)
		ReleaseScriptCaches (0ms)
		RebuildScriptCaches (0ms)
		SetupLoadedEditorAssemblies (96ms)
			LogAssemblyErrors (0ms)
			InitializePlatformSupportModulesInManaged (14ms)
			SetLoadedEditorAssemblies (1ms)
			RefreshPlugins (0ms)
			BeforeProcessingInitializeOnLoad (14ms)
			ProcessInitializeOnLoadAttributes (59ms)
			ProcessInitializeOnLoadMethodAttributes (8ms)
			AfterProcessingInitializeOnLoad (1ms)
			EditorAssembliesLoaded (0ms)
		ExecutionOrderSort2 (0ms)
		AwakeInstancesAfterBackupRestoration (2ms)
Refreshing native plugins compatible for Editor in 0.09 ms, found 0 plugins.
Preloading 0 native plugins for Editor in 0.00 ms.
Unloading 313 Unused Serialized files (Serialized files now loaded: 0)
Unloading 3 unused Assets / (23.8 KB). Loaded Objects now: 802.
Memory consumption went from 207.9 MB to 207.9 MB.
Total: 1.441834 ms (FindLiveObjects: 0.022875 ms CreateObjectMapping: 0.005875 ms MarkObjects: 1.401917 ms  DeleteObjects: 0.011000 ms)

Prepare: number of updated asset objects reloaded= 0
AssetImportParameters requested are different than current active one (requested -> active):
  custom:video-encoder-webm-vp8: eb34c28f22e8b96e1ab97ce403110664 -> 
  custom:video-decoder-webm-vp8: 9c59270c3fd7afecdb556c50c9e8de78 -> 
  custom:framework-osx-AVFoundation: e770b220cccbd017edd2c1fefb359320 -> 
  custom:audio-decoder-ogg-vorbis: bf7c407c2cedff20999df2af8eb42d56 -> 
  custom:video-decoder-ogg-theora: a1e56fd34408186e4bbccfd4996cb3dc -> 
  custom:audio-encoder-webm-vorbis: bf7c407c2cedff20999df2af8eb42d56 -> 
  custom:container-demuxer-webm: 4f35f7cbe854078d1ac9338744f61a02 -> 
  custom:SearchIndexIgnoredProperties: e643bd26f0fe6173181afceb89e7c659 -> 
  custom:container-muxer-webm: aa71ff27fc2769a1b78a27578f13a17b -> 
  custom:container-demuxer-ogg: 62fdf1f143b41e24485cea50d1cbac27 -> 
  custom:AudioImporter_EditorPlatform: 3918e3fc78b5a79bad01e8451be0beb8 -> 
  custom:CustomObjectIndexerAttribute: 9a22284fe3817be447336de3de66b15e -> 
========================================================================
Received Prepare
Caller must complete domain reload
Begin MonoManager ReloadAssembly
Thread 0x17f0bf000 may have been prematurely finalized
- Loaded All Assemblies, in  0.121 seconds
Native extension for iOS target not found
Native extension for Android target not found
Native extension for OSXStandalone target not found
Native extension for WebGL target not found
Mono: successfully reloaded assembly
- Finished resetting the current domain, in  0.177 seconds
Domain Reload Profiling: 298ms
	BeginReloadAssembly (53ms)
		ExecutionOrderSort (0ms)
		DisableScriptedObjects (2ms)
		BackupInstance (0ms)
		ReleaseScriptingObjects (0ms)
		CreateAndSetChildDomain (13ms)
	RebuildCommonClasses (16ms)
	RebuildNativeTypeToScriptingClass (5ms)
	initialDomainReloadingComplete (9ms)
	LoadAllAssembliesAndSetupDomain (38ms)
		LoadAssemblies (54ms)
		RebuildTransferFunctionScriptingTraits (0ms)
		AnalyzeDomain (4ms)
			TypeCache.Refresh (3ms)
				TypeCache.ScanAssembly (0ms)
			ScanForSourceGeneratedMonoScriptInfo (0ms)
			ResolveRequiredComponents (1ms)
	FinalizeReload (177ms)
		ReleaseScriptCaches (0ms)
		RebuildScriptCaches (0ms)
		SetupLoadedEditorAssemblies (99ms)
			LogAssemblyErrors (0ms)
			InitializePlatformSupportModulesInManaged (15ms)
			SetLoadedEditorAssemblies (1ms)
			RefreshPlugins (0ms)
			BeforeProcessingInitializeOnLoad (13ms)
			ProcessInitializeOnLoadAttributes (60ms)
			ProcessInitializeOnLoadMethodAttributes (8ms)
			AfterProcessingInitializeOnLoad (1ms)
			EditorAssembliesLoaded (0ms)
		ExecutionOrderSort2 (0ms)
		AwakeInstancesAfterBackupRestoration (2ms)
Refreshing native plugins compatible for Editor in 0.10 ms, found 0 plugins.
Preloading 0 native plugins for Editor in 0.00 ms.
Unloading 313 Unused Serialized files (Serialized files now loaded: 0)
Unloading 3 unused Assets / (23.8 KB). Loaded Objects now: 802.
Memory consumption went from 213.8 MB to 213.8 MB.
Total: 1.642334 ms (FindLiveObjects: 0.028791 ms CreateObjectMapping: 0.005625 ms MarkObjects: 1.593375 ms  DeleteObjects: 0.014250 ms)

Prepare: number of updated asset objects reloaded= 0
AssetImportParameters requested are different than current active one (requested -> active):
  custom:video-encoder-webm-vp8: eb34c28f22e8b96e1ab97ce403110664 -> 
  custom:video-decoder-webm-vp8: 9c59270c3fd7afecdb556c50c9e8de78 -> 
  custom:framework-osx-AVFoundation: e770b220cccbd017edd2c1fefb359320 -> 
  custom:audio-decoder-ogg-vorbis: bf7c407c2cedff20999df2af8eb42d56 -> 
  custom:video-decoder-ogg-theora: a1e56fd34408186e4bbccfd4996cb3dc -> 
  custom:audio-encoder-webm-vorbis: bf7c407c2cedff20999df2af8eb42d56 -> 
  custom:container-demuxer-webm: 4f35f7cbe854078d1ac9338744f61a02 -> 
  custom:SearchIndexIgnoredProperties: e643bd26f0fe6173181afceb89e7c659 -> 
  custom:container-muxer-webm: aa71ff27fc2769a1b78a27578f13a17b -> 
  custom:container-demuxer-ogg: 62fdf1f143b41e24485cea50d1cbac27 -> 
  custom:AudioImporter_EditorPlatform: 3918e3fc78b5a79bad01e8451be0beb8 -> 
  custom:CustomObjectIndexerAttribute: 9a22284fe3817be447336de3de66b15e -> 
========================================================================
Received Prepare
Caller must complete domain reload
Begin MonoManager ReloadAssembly
Thread 0x17f0bf000 may have been prematurely finalized
- Loaded All Assemblies, in  0.130 seconds
Native extension for iOS target not found
Native extension for Android target not found
Native extension for OSXStandalone target not found
Native extension for WebGL target not found
Mono: successfully reloaded assembly
- Finished resetting the current domain, in  0.186 seconds
Domain Reload Profiling: 316ms
	BeginReloadAssembly (60ms)
		ExecutionOrderSort (0ms)
		DisableScriptedObjects (2ms)
		BackupInstance (0ms)
		ReleaseScriptingObjects (0ms)
		CreateAndSetChildDomain (14ms)
	RebuildCommonClasses (16ms)
	RebuildNativeTypeToScriptingClass (5ms)
	initialDomainReloadingComplete (9ms)
	LoadAllAssembliesAndSetupDomain (39ms)
		LoadAssemblies (61ms)
		RebuildTransferFunctionScriptingTraits (0ms)
		AnalyzeDomain (4ms)
			TypeCache.Refresh (2ms)
				TypeCache.ScanAssembly (0ms)
			ScanForSourceGeneratedMonoScriptInfo (0ms)
			ResolveRequiredComponents (1ms)
	FinalizeReload (187ms)
		ReleaseScriptCaches (0ms)
		RebuildScriptCaches (0ms)
		SetupLoadedEditorAssemblies (98ms)
			LogAssemblyErrors (0ms)
			InitializePlatformSupportModulesInManaged (14ms)
			SetLoadedEditorAssemblies (1ms)
			RefreshPlugins (0ms)
			BeforeProcessingInitializeOnLoad (13ms)
			ProcessInitializeOnLoadAttributes (60ms)
			ProcessInitializeOnLoadMethodAttributes (8ms)
			AfterProcessingInitializeOnLoad (1ms)
			EditorAssembliesLoaded (0ms)
		ExecutionOrderSort2 (0ms)
		AwakeInstancesAfterBackupRestoration (2ms)
Refreshing native plugins compatible for Editor in 0.11 ms, found 0 plugins.
Preloading 0 native plugins for Editor in 0.00 ms.
Unloading 313 Unused Serialized files (Serialized files now loaded: 0)
Unloading 3 unused Assets / (23.8 KB). Loaded Objects now: 802.
Memory consumption went from 219.7 MB to 219.7 MB.
Total: 1.363208 ms (FindLiveObjects: 0.028000 ms CreateObjectMapping: 0.006334 ms MarkObjects: 1.312166 ms  DeleteObjects: 0.016500 ms)

Prepare: number of updated asset objects reloaded= 0
AssetImportParameters requested are different than current active one (requested -> active):
  custom:video-encoder-webm-vp8: eb34c28f22e8b96e1ab97ce403110664 -> 
  custom:video-decoder-webm-vp8: 9c59270c3fd7afecdb556c50c9e8de78 -> 
  custom:framework-osx-AVFoundation: e770b220cccbd017edd2c1fefb359320 -> 
  custom:audio-decoder-ogg-vorbis: bf7c407c2cedff20999df2af8eb42d56 -> 
  custom:video-decoder-ogg-theora: a1e56fd34408186e4bbccfd4996cb3dc -> 
  custom:audio-encoder-webm-vorbis: bf7c407c2cedff20999df2af8eb42d56 -> 
  custom:container-demuxer-webm: 4f35f7cbe854078d1ac9338744f61a02 -> 
  custom:SearchIndexIgnoredProperties: e643bd26f0fe6173181afceb89e7c659 -> 
  custom:container-muxer-webm: aa71ff27fc2769a1b78a27578f13a17b -> 
  custom:container-demuxer-ogg: 62fdf1f143b41e24485cea50d1cbac27 -> 
  custom:AudioImporter_EditorPlatform: 3918e3fc78b5a79bad01e8451be0beb8 -> 
  custom:CustomObjectIndexerAttribute: 9a22284fe3817be447336de3de66b15e -> 
========================================================================
Received Prepare
Caller must complete domain reload
Begin MonoManager ReloadAssembly
Thread 0x17f0bf000 may have been prematurely finalized
- Loaded All Assemblies, in  0.175 seconds
Native extension for iOS target not found
Native extension for Android target not found
Native extension for OSXStandalone target not found
Native extension for WebGL target not found
Mono: successfully reloaded assembly
- Finished resetting the current domain, in  0.330 seconds
Domain Reload Profiling: 506ms
	BeginReloadAssembly (84ms)
		ExecutionOrderSort (0ms)
		DisableScriptedObjects (4ms)
		BackupInstance (0ms)
		ReleaseScriptingObjects (0ms)
		CreateAndSetChildDomain (23ms)
	RebuildCommonClasses (18ms)
	RebuildNativeTypeToScriptingClass (6ms)
	initialDomainReloadingComplete (13ms)
	LoadAllAssembliesAndSetupDomain (56ms)
		LoadAssemblies (83ms)
		RebuildTransferFunctionScriptingTraits (0ms)
		AnalyzeDomain (8ms)
			TypeCache.Refresh (5ms)
				TypeCache.ScanAssembly (2ms)
			ScanForSourceGeneratedMonoScriptInfo (1ms)
			ResolveRequiredComponents (1ms)
	FinalizeReload (330ms)
		ReleaseScriptCaches (0ms)
		RebuildScriptCaches (0ms)
		SetupLoadedEditorAssemblies (219ms)
			LogAssemblyErrors (0ms)
			InitializePlatformSupportModulesInManaged (131ms)
			SetLoadedEditorAssemblies (2ms)
			RefreshPlugins (0ms)
			BeforeProcessingInitializeOnLoad (15ms)
			ProcessInitializeOnLoadAttributes (62ms)
			ProcessInitializeOnLoadMethodAttributes (8ms)
			AfterProcessingInitializeOnLoad (1ms)
			EditorAssembliesLoaded (0ms)
		ExecutionOrderSort2 (0ms)
		AwakeInstancesAfterBackupRestoration (2ms)
Refreshing native plugins compatible for Editor in 0.10 ms, found 0 plugins.
Preloading 0 native plugins for Editor in 0.00 ms.
Unloading 428 Unused Serialized files (Serialized files now loaded: 0)
Unloading 4 unused Assets / (49.5 KB). Loaded Objects now: 916.
Memory consumption went from 228.7 MB to 228.7 MB.
Total: 1.528458 ms (FindLiveObjects: 0.029500 ms CreateObjectMapping: 0.006708 ms MarkObjects: 1.449875 ms  DeleteObjects: 0.042083 ms)

Prepare: number of updated asset objects reloaded= 0
AssetImportParameters requested are different than current active one (requested -> active):
  custom:video-encoder-webm-vp8: eb34c28f22e8b96e1ab97ce403110664 -> 
  custom:scripting/monoscript/fileName/TMP_ShaderUtilities.cs: 84a261643983e306d02445da38ed662f -> 
  custom:scripting/monoscript/fileName/TMP_SettingsEditor.cs: 56bf06371df7e13c5b8cc88becb89a4d -> 
  custom:video-decoder-webm-vp8: 9c59270c3fd7afecdb556c50c9e8de78 -> 
  custom:scripting/monoscript/fileName/TMP_UpdateRegistery.cs: 1f23864d29c3a03d22aa9b00a337cf78 -> 
  custom:scripting/monoscript/fileName/TMP_PackageUtilities.cs: 89e6e95503dd36070edf73e7aaab4557 -> 
  custom:scripting/monoscript/fileName/TMP_FontFeatureTable.cs: cbd25d300d7ed4d969d60cb9f98f2826 -> 
  custom:scripting/monoscript/fileName/TMP_FontAssetCommon.cs: 2b5f11ccf8aacaf9b5ea6564bf2b0d57 -> 
  custom:scripting/monoscript/fileName/TMP_SDFShaderGUI.cs: 1460619486eb6e8da302e26af5538aaa -> 
  custom:scripting/monoscript/fileName/TMP_RichTextTagsCommon.cs: 5462d55f8a9ad882f9a7f2d708a6978b -> 
  custom:scripting/monoscript/fileName/TMPro_ExtensionMethods.cs: 479bffcc157b89693ffc4c2ef2374861 -> 
  custom:scripting/monoscript/fileName/FastAction.cs: dfbe75b66b645b53472915ad2590af11 -> 
  custom:scripting/monoscript/fileName/TMPro_TextContainerEditor.cs: b2fbc5db24221a870c4de162a712cbfe -> 
  custom:scripting/precompiled-assembly-types:Unity.TextMeshPro.Editor: 46ffe279a7239cd1fb74eb9c5ab5b5d8 -> 
  custom:scripting/monoscript/fileName/TMPro_EventManager.cs: 4c7492301243f935f7a463360f91d217 -> 
  custom:scripting/monoscript/fileName/GlyphRectPropertyDrawer.cs: bdec415148eac17379112822c8814df5 -> 
  custom:scripting/monoscript/fileName/TMP_SubMeshUI.cs: 748262c65738bc5e1c553ae7a37a0c73 -> 
  custom:scripting/monoscript/fileName/TMP_GlyphPairAdjustmentRecordPropertyDrawer.cs: 1a07941369755af9e0a102a45e9058c5 -> 
  custom:scripting/monoscript/fileName/TMP_FontFeaturesCommon.cs: 7d1db71d73353e7dd97f094c509882fa -> 
  custom:scripting/monoscript/fileName/TMP_LineInfo.cs: bb529d63c9723788bd7143f27cd69eaf -> 
  custom:scripting/monoscript/fileName/TMPro_UGUI_Private.cs: 90647cc400823b41df847a6cbfc29026 -> 
  custom:audio-decoder-ogg-vorbis: bf7c407c2cedff20999df2af8eb42d56 -> 
  custom:video-decoder-ogg-theora: a1e56fd34408186e4bbccfd4996cb3dc -> 
  custom:scripting/monoscript/fileName/TMP_UpdateManager.cs: fa7e71df671c5b3088b39753e4bbc70d -> 
  custom:scripting/monoscript/fileName/TMP_TextAlignmentDrawer.cs: 011b7908ef5eb5e9dea532c77e85c538 -> 
  custom:scripting/monoscript/fileName/TMP_EditorPanel.cs: 0631f68be4ca0623bf3e313ec9becbc9 -> 
  custom:scripting/monoscript/fileName/TMP_EditorUtility.cs: b242106620cbbc38f0411146a086b885 -> 
  custom:scripting/monoscript/fileName/TMPro_CreateObjectMenu.cs: ddee59388caa7a56693342f3a805d427 -> 
  custom:scripting/monoscript/fileName/TMPro_ContextMenus.cs: 06b3d4b27f337b8d846ca7117f3251e1 -> 
  custom:scripting/monoscript/fileName/TMP_SpriteGlyphPropertyDrawer.cs: 1447c7afab82cf56bc359d5c7fba114e -> 
  custom:scripting/monoscript/fileName/TMP_Asset.cs: 7e95c8d89188057bea8fc9569c9aa309 -> 
  custom:scripting/monoscript/fileName/TMP_TextInfo.cs: 9e4eb698c4c168829682cbe659418e8f -> 
  custom:scripting/monoscript/fileName/TMPro_MeshUtilities.cs: 2237d160e4d9e81a7d899dc235029cb3 -> 
  custom:audio-encoder-webm-vorbis: bf7c407c2cedff20999df2af8eb42d56 -> 
  custom:scripting/monoscript/fileName/TMP_SpriteAssetMenu.cs: 05ea7b84320d1b77a6d1ae49c41ee9cc -> 
  custom:scripting/monoscript/fileName/TMP_TextElement_Legacy.cs: 6e11e173cb695b15e8cce3cd1e1cb2a7 -> 
  custom:scripting/monoscript/fileName/TMP_TextUtilities.cs: aab2855e68416a0a1f2f8904059662aa -> 
  custom:scripting/monoscript/fileName/TMP_Compatibility.cs: 3ef1f12d3c823dd740c7c596ab076c61 -> 
  custom:scripting/monoscript/fileName/TextContainer.cs: 245c032a15fbc12850861c707e37b027 -> 
  custom:scripting/monoscript/fileName/TMP_Dropdown.cs: ecea2f8babcb40d207d2e73158251f60 -> 
  custom:scripting/monoscript/fileName/TMP_BaseShaderGUI.cs: 25118693f24c47c8a4b530b8bff26574 -> 
  custom:scripting/monoscript/fileName/TMP_ColorGradient.cs: 8d91c7c4749088eca69648d37a965bf8 -> 
  custom:scripting/monoscript/fileName/TMP_CharacterInfo.cs: c840ce0b0aa6c1faafb27b3b884b2328 -> 
  custom:scripting/monoscript/fileName/TMP_ColorGradientEditor.cs: ed654c9d45026a5f71e6e9535130c15f -> 
  custom:scripting/monoscript/fileName/TMP_PreBuildProcessor.cs: 790c12dcd4980aa978fd28fb6f89fb37 -> 
  custom:scripting/monoscript/fileName/TMP_EditorResourceManager.cs: f56b80268a934198a76acc6f4cef503c -> 
  custom:scripting/monoscript/fileName/TMPro_FontAssetCreatorWindow.cs: 0d0900483ed9b57d4ccc2ff58d1220b3 -> 
  custom:SearchIndexIgnoredProperties: e643bd26f0fe6173181afceb89e7c659 -> 
  custom:scripting/monoscript/fileName/TMP_SpriteAssetImporter.cs: 675c97d72afe988872a20f51812f7cdf -> 
  custom:scripting/monoscript/fileName/TMP_Settings.cs: 68d1204aae2aa6d0a54c151b7af443e7 -> 
  custom:scripting/monoscript/fileName/TMP_SubMesh_Editor.cs: b381eb4c2ad4ef265088242d67c5b140 -> 
  custom:scripting/monoscript/fileName/TMP_SerializedPropertyHolder.cs: 99e5dbc1fa1abe750acc8166e4243be8 -> 
  custom:scripting/monoscript/fileName/TMPro_SortingLayerHelper.cs: 8b86ad735987eff6a1277352e9e8d9b6 -> 
  custom:scripting/monoscript/fileName/TMP_TextElement.cs: 5dfb95666bd41ecc32948097824aba23 -> 
  custom:scripting/monoscript/fileName/TMP_InputFieldEditor.cs: a6f05406e9cdb59679382b884c14216a -> 
  custom:scripting/monoscript/fileName/TMP_Text.cs: 5cba61e283281e8dbf7dadaabcd638dc -> 
  custom:container-demuxer-ogg: 62fdf1f143b41e24485cea50d1cbac27 -> 
  custom:scripting/monoscript/fileName/TMP_SpriteAssetEditor.cs: 8a42af05e85c0eed4128787976375b45 -> 
  custom:scripting/monoscript/fileName/TMP_ListPool.cs: 90647cc400823b41df847a6cbfc29026 -> 
  custom:scripting/monoscript/fileName/TMP_SpriteCharacterPropertyDrawer.cs: 14565b4e4f9266584dc3194fd967d252 -> 
  custom:AudioImporter_EditorPlatform: 3918e3fc78b5a79bad01e8451be0beb8 -> 
  custom:scripting/monoscript/fileName/TMP_SpriteAssetImportFormats.cs: 920e3140228fbd530b0080254da22d88 -> 
  custom:CustomObjectIndexerAttribute: 9a22284fe3817be447336de3de66b15e -> 
  custom:scripting/monoscript/fileName/TMP_StyleAssetMenu.cs: 60e7743122a0686d1131101c521adac6 -> 
  custom:scripting/monoscript/fileName/TMP_BitmapShaderGUI.cs: 2ce3ac811452d1d6d82e565157cac3e2 -> 
  custom:scripting/monoscript/fileName/TMP_MaterialManager.cs: 441d72ec3c04a8da6a351f60fff95465 -> 
  custom:scripting/monoscript/fileName/TMP_ColorGradientAssetMenu.cs: 83563be632f8167fcdca7878d36901f9 -> 
  custom:scripting/monoscript/fileName/TMP_SpriteAsset.cs: 8d06882cb45c7664f8d7c3079ee8757f -> 
  custom:scripting/monoscript/fileName/CombatManager.cs: 9e9415fa541f485f607a301095cbe791 -> 
  custom:scripting/monoscript/fileName/TMP_TextParsingUtilities.cs: 8b3fe20641ae0dd97405135955c706a3 -> 
  custom:scripting/monoscript/fileName/MaterialReferenceManager.cs: c970e86594a0f568cbda548f2d4462c1 -> 
  custom:scripting/monoscript/fileName/DropdownOptionListDrawer.cs: 4362475bc384312c771d88865ee2f40d -> 2b2ea9c97f9351f45324b7dd26de9002
  custom:scripting/monoscript/fileName/King.cs: 0e6bf450f886303abd9316ef88db0a9c -> 
  custom:scripting/monoscript/fileName/Card.cs: 42fd60fcba0cf1de339d217ecb9b80c4 -> 
  custom:scripting/monoscript/fileName/TMP_Character.cs: 015720458ea991fbf07357eae19532db -> 
  custom:scripting/monoscript/fileName/TMP_ResourcesManager.cs: 64252a073d41e9c6f4e95b5f68ac966c -> 
  custom:scripting/monoscript/fileName/TMPro_TexturePostProcessor.cs: 0750ad2b775120fa59f760172dc340ad -> 
  custom:scripting/monoscript/fileName/TMP_PostBuildProcessHandler.cs: c69b388004562ecb0f789fc3759d9651 -> 
  custom:scripting/monoscript/fileName/ITextPreProcessor.cs: a7aa94de5d5bfce2bdd74516315faaf2 -> 
  custom:scripting/monoscript/fileName/TMP_SubMesh.cs: 9fd75270af40187985e5c14cc85ebe42 -> 
  custom:scripting/monoscript/fileName/TMP_DropdownEditor.cs: 2d907ee76ef876797c15186180266847 -> 
  custom:scripting/monoscript/fileName/TMP_GlyphPropertyDrawer.cs: 56b500a16a5c8f635a7bfdd702279864 -> 
  custom:framework-osx-AVFoundation: e770b220cccbd017edd2c1fefb359320 -> 
  custom:scripting/precompiled-assembly-types:Unity.TextMeshPro: 59230975e8163396a463bd906828ec67 -> 
  custom:scripting/monoscript/fileName/Arrow.cs: ece85ba7bf475bfc1dcec008b433482f -> 
  custom:scripting/monoscript/fileName/TMP_PackageResourceImporter.cs: 949b6e7fa2132b400d5c4aaf9c34421a -> 
  custom:scripting/monoscript/fileName/TMP_EditorCoroutine.cs: 04cbf5ce6e541d98265aa7668ef82832 -> 
  custom:scripting/monoscript/fileName/TMP_SpriteGlyph.cs: cb4cdca5a4c6415e4f27ee5280164c41 -> 
  custom:scripting/monoscript/fileName/TMPro_EditorShaderUtilities.cs: f4cbef9348a73d49f1efb8d10ff07bf0 -> 
  custom:scripting/monoscript/fileName/TMP_CharacterPropertyDrawer.cs: ddc6f8909fdac3de9238e9b86e411c3e -> 
  custom:scripting/precompiled-assembly-types:Assembly-CSharp: c83e19ea907c766c2b7caa355999723b -> 9bd7f8623f7bf0f4e634c2f7935829fd
  custom:scripting/monoscript/fileName/TMP_FontAssetEditor.cs: e359b61135381f6b1d7b8c7e97a930f3 -> 
  custom:scripting/monoscript/fileName/TMP_FontAsset_CreationMenu.cs: 1c5caeb31a0df734411a201aca87cb03 -> 
  custom:scripting/monoscript/fileName/TMP_CoroutineTween.cs: 76849b8d6d4ce499ad8ffee762e4a4af -> 
  custom:scripting/monoscript/fileName/TMP_Style.cs: ecc9948baa78373f3076151d1a0642d9 -> 
  custom:scripting/monoscript/fileName/TMP_ScrollbarEventHandler.cs: c015e39b5a3f1a14518ce039f30e10af -> 
  custom:scripting/monoscript/fileName/GlyphMetricsPropertyDrawer.cs: 438b07e6eae795dab04c32f51ac4e752 -> 
  custom:scripting/monoscript/fileName/TMP_StyleSheetEditor.cs: 38b210a450ac855df2d81ab0242c2feb -> 
  custom:scripting/monoscript/fileName/TMP_ObjectPool.cs: 90647cc400823b41df847a6cbfc29026 -> 
  custom:scripting/monoscript/fileName/TMP_EditorPanelUI.cs: 0c3fb43855adf1da22258c211d01a47d -> 
  custom:scripting/monoscript/fileName/TMP_SpriteAnimator.cs: bf3a797c3a059d3698e93e0031d7f11c -> 
  custom:scripting/monoscript/fileName/TMP_FontAssetUtilities.cs: 5b7a9bc9c5c56e3cb5ccc808a2bdd9e4 -> 
  custom:container-demuxer-webm: 4f35f7cbe854078d1ac9338744f61a02 -> 
  custom:scripting/monoscript/fileName/TMP_FontAsset.cs: 6c1db4680a96f294cf0af87a0b8099aa -> 
  custom:scripting/monoscript/fileName/TMP_SubMeshUI_Editor.cs: 119a633ce37cc27ac209988b5de61d96 -> 
  custom:scripting/monoscript/fileName/TextMeshPro.cs: 0cfab9de2f927cf0a5e3dc6276498acd -> 
  custom:container-muxer-webm: aa71ff27fc2769a1b78a27578f13a17b -> 
  custom:scripting/monoscript/fileName/TMP_TextProcessingStack.cs: 6146dd1b7f9b90aa342ef9794e387c23 -> 
  custom:scripting/monoscript/fileName/TMP_BaseEditorPanel.cs: f4b9967705e7bb57152fef4117417ba7 -> 
  custom:scripting/monoscript/fileName/TMP_InputValidator.cs: 5e0d679d98dae60baa87977011e0ed51 -> 
  custom:scripting/monoscript/fileName/TMP_InputField.cs: f7712ab842984f124274656d749eca3d -> 
  custom:scripting/monoscript/fileName/TMP_Sprite.cs: 0ee3c386846aa132dd254421fac18cd1 -> 
  custom:scripting/monoscript/fileName/TMP_DefaultControls.cs: 2673e29173eb9307fa53ee17c15332ed -> 
  custom:scripting/monoscript/fileName/TMP_ResourcesLoader.cs: 6f1f07799f3cfe795f955033c27f98ed -> 
  custom:scripting/monoscript/fileName/TMP_UIStyleManager.cs: 66d96f3fa9ea14a5a6ed3f92d3bbe0f1 -> 
  custom:scripting/monoscript/fileName/TextMeshProUGUI.cs: b783d06a82b0620f102e3253b4b9fc9b -> 
  custom:scripting/monoscript/fileName/TMP_StyleSheet.cs: de73099b6bd4b9281c92feedf1315618 -> 
  custom:scripting/monoscript/fileName/TMPro_Private.cs: 90647cc400823b41df847a6cbfc29026 -> 
  custom:scripting/monoscript/fileName/TMP_SelectionCaret.cs: d2a06fefe973175bffa10d62f788c481 -> 
  custom:scripting/monoscript/fileName/TMP_MeshInfo.cs: 89833651f7d905e51b340ec2afe531d1 -> 
  custom:scripting/monoscript/fileName/TMP_SpriteCharacter.cs: 81dc73ff0878d6528202f8be44877b26 -> 
  custom:scripting/monoscript/fileName/ActivateOnMousePress.cs: fb2537b56ea5dda887807344161c5301 -> 
========================================================================
Received Prepare
Caller must complete domain reload
Begin MonoManager ReloadAssembly
Thread 0x17f0bf000 may have been prematurely finalized
- Loaded All Assemblies, in  0.150 seconds
Native extension for iOS target not found
Native extension for Android target not found
Native extension for OSXStandalone target not found
Native extension for WebGL target not found
Mono: successfully reloaded assembly
- Finished resetting the current domain, in  0.207 seconds
Domain Reload Profiling: 358ms
	BeginReloadAssembly (67ms)
		ExecutionOrderSort (0ms)
		DisableScriptedObjects (3ms)
		BackupInstance (0ms)
		ReleaseScriptingObjects (0ms)
		CreateAndSetChildDomain (17ms)
	RebuildCommonClasses (17ms)
	RebuildNativeTypeToScriptingClass (5ms)
	initialDomainReloadingComplete (10ms)
	LoadAllAssembliesAndSetupDomain (51ms)
		LoadAssemblies (74ms)
		RebuildTransferFunctionScriptingTraits (0ms)
		AnalyzeDomain (4ms)
			TypeCache.Refresh (3ms)
				TypeCache.ScanAssembly (0ms)
			ScanForSourceGeneratedMonoScriptInfo (0ms)
			ResolveRequiredComponents (1ms)
	FinalizeReload (208ms)
		ReleaseScriptCaches (0ms)
		RebuildScriptCaches (0ms)
		SetupLoadedEditorAssemblies (109ms)
			LogAssemblyErrors (0ms)
			InitializePlatformSupportModulesInManaged (16ms)
			SetLoadedEditorAssemblies (2ms)
			RefreshPlugins (0ms)
			BeforeProcessingInitializeOnLoad (15ms)
			ProcessInitializeOnLoadAttributes (68ms)
			ProcessInitializeOnLoadMethodAttributes (8ms)
			AfterProcessingInitializeOnLoad (1ms)
			EditorAssembliesLoaded (0ms)
		ExecutionOrderSort2 (0ms)
		AwakeInstancesAfterBackupRestoration (2ms)
Refreshing native plugins compatible for Editor in 0.12 ms, found 0 plugins.
Preloading 0 native plugins for Editor in 0.00 ms.
Unloading 428 Unused Serialized files (Serialized files now loaded: 0)
Unloading 4 unused Assets / (49.5 KB). Loaded Objects now: 916.
Memory consumption went from 234.6 MB to 234.5 MB.
Total: 1.613375 ms (FindLiveObjects: 0.031458 ms CreateObjectMapping: 0.006750 ms MarkObjects: 1.527834 ms  DeleteObjects: 0.047208 ms)

Prepare: number of updated asset objects reloaded= 0
AssetImportParameters requested are different than current active one (requested -> active):
  custom:video-encoder-webm-vp8: eb34c28f22e8b96e1ab97ce403110664 -> 
  custom:scripting/monoscript/fileName/TMP_ShaderUtilities.cs: 84a261643983e306d02445da38ed662f -> 
  custom:scripting/monoscript/fileName/TMP_SettingsEditor.cs: 56bf06371df7e13c5b8cc88becb89a4d -> 
  custom:video-decoder-webm-vp8: 9c59270c3fd7afecdb556c50c9e8de78 -> 
  custom:scripting/monoscript/fileName/TMP_UpdateRegistery.cs: 1f23864d29c3a03d22aa9b00a337cf78 -> 
  custom:scripting/monoscript/fileName/TMP_PackageUtilities.cs: 89e6e95503dd36070edf73e7aaab4557 -> 
  custom:scripting/monoscript/fileName/TMP_FontFeatureTable.cs: cbd25d300d7ed4d969d60cb9f98f2826 -> 
  custom:scripting/monoscript/fileName/TMP_FontAssetCommon.cs: 2b5f11ccf8aacaf9b5ea6564bf2b0d57 -> 
  custom:scripting/monoscript/fileName/TMP_SDFShaderGUI.cs: 1460619486eb6e8da302e26af5538aaa -> 
  custom:scripting/monoscript/fileName/TMP_RichTextTagsCommon.cs: 5462d55f8a9ad882f9a7f2d708a6978b -> 
  custom:scripting/monoscript/fileName/TMPro_ExtensionMethods.cs: 479bffcc157b89693ffc4c2ef2374861 -> 
  custom:scripting/monoscript/fileName/FastAction.cs: dfbe75b66b645b53472915ad2590af11 -> 
  custom:scripting/monoscript/fileName/TMPro_TextContainerEditor.cs: b2fbc5db24221a870c4de162a712cbfe -> 
  custom:scripting/precompiled-assembly-types:Unity.TextMeshPro.Editor: 46ffe279a7239cd1fb74eb9c5ab5b5d8 -> 
  custom:scripting/monoscript/fileName/TMPro_EventManager.cs: 4c7492301243f935f7a463360f91d217 -> 
  custom:scripting/monoscript/fileName/GlyphRectPropertyDrawer.cs: bdec415148eac17379112822c8814df5 -> 
  custom:scripting/monoscript/fileName/TMP_SubMeshUI.cs: 748262c65738bc5e1c553ae7a37a0c73 -> 
  custom:scripting/monoscript/fileName/TMP_GlyphPairAdjustmentRecordPropertyDrawer.cs: 1a07941369755af9e0a102a45e9058c5 -> 
  custom:scripting/monoscript/fileName/TMP_FontFeaturesCommon.cs: 7d1db71d73353e7dd97f094c509882fa -> 
  custom:scripting/monoscript/fileName/TMP_LineInfo.cs: bb529d63c9723788bd7143f27cd69eaf -> 
  custom:scripting/monoscript/fileName/TMPro_UGUI_Private.cs: 90647cc400823b41df847a6cbfc29026 -> 
  custom:audio-decoder-ogg-vorbis: bf7c407c2cedff20999df2af8eb42d56 -> 
  custom:video-decoder-ogg-theora: a1e56fd34408186e4bbccfd4996cb3dc -> 
  custom:scripting/monoscript/fileName/TMP_UpdateManager.cs: fa7e71df671c5b3088b39753e4bbc70d -> 
  custom:scripting/monoscript/fileName/TMP_TextAlignmentDrawer.cs: 011b7908ef5eb5e9dea532c77e85c538 -> 
  custom:scripting/monoscript/fileName/TMP_EditorPanel.cs: 0631f68be4ca0623bf3e313ec9becbc9 -> 
  custom:scripting/monoscript/fileName/TMP_EditorUtility.cs: b242106620cbbc38f0411146a086b885 -> 
  custom:scripting/monoscript/fileName/TMPro_CreateObjectMenu.cs: ddee59388caa7a56693342f3a805d427 -> 
  custom:scripting/monoscript/fileName/TMPro_ContextMenus.cs: 06b3d4b27f337b8d846ca7117f3251e1 -> 
  custom:scripting/monoscript/fileName/TMP_SpriteGlyphPropertyDrawer.cs: 1447c7afab82cf56bc359d5c7fba114e -> 
  custom:scripting/monoscript/fileName/TMP_Asset.cs: 7e95c8d89188057bea8fc9569c9aa309 -> 
  custom:scripting/monoscript/fileName/TMP_TextInfo.cs: 9e4eb698c4c168829682cbe659418e8f -> 
  custom:scripting/monoscript/fileName/TMPro_MeshUtilities.cs: 2237d160e4d9e81a7d899dc235029cb3 -> 
  custom:audio-encoder-webm-vorbis: bf7c407c2cedff20999df2af8eb42d56 -> 
  custom:scripting/monoscript/fileName/TMP_SpriteAssetMenu.cs: 05ea7b84320d1b77a6d1ae49c41ee9cc -> 
  custom:scripting/monoscript/fileName/TMP_TextElement_Legacy.cs: 6e11e173cb695b15e8cce3cd1e1cb2a7 -> 
  custom:scripting/monoscript/fileName/TMP_TextUtilities.cs: aab2855e68416a0a1f2f8904059662aa -> 
  custom:scripting/monoscript/fileName/TMP_Compatibility.cs: 3ef1f12d3c823dd740c7c596ab076c61 -> 
  custom:scripting/monoscript/fileName/TextContainer.cs: 245c032a15fbc12850861c707e37b027 -> 
  custom:scripting/monoscript/fileName/TMP_Dropdown.cs: ecea2f8babcb40d207d2e73158251f60 -> 
  custom:scripting/monoscript/fileName/TMP_BaseShaderGUI.cs: 25118693f24c47c8a4b530b8bff26574 -> 
  custom:scripting/monoscript/fileName/TMP_ColorGradient.cs: 8d91c7c4749088eca69648d37a965bf8 -> 
  custom:scripting/monoscript/fileName/TMP_CharacterInfo.cs: c840ce0b0aa6c1faafb27b3b884b2328 -> 
  custom:scripting/monoscript/fileName/TMP_ColorGradientEditor.cs: ed654c9d45026a5f71e6e9535130c15f -> 
  custom:scripting/monoscript/fileName/TMP_PreBuildProcessor.cs: 790c12dcd4980aa978fd28fb6f89fb37 -> 
  custom:scripting/monoscript/fileName/TMP_EditorResourceManager.cs: f56b80268a934198a76acc6f4cef503c -> 
  custom:scripting/monoscript/fileName/TMPro_FontAssetCreatorWindow.cs: 0d0900483ed9b57d4ccc2ff58d1220b3 -> 
  custom:SearchIndexIgnoredProperties: e643bd26f0fe6173181afceb89e7c659 -> 
  custom:scripting/monoscript/fileName/TMP_SpriteAssetImporter.cs: 675c97d72afe988872a20f51812f7cdf -> 
  custom:scripting/monoscript/fileName/TMP_Settings.cs: 68d1204aae2aa6d0a54c151b7af443e7 -> 
  custom:scripting/monoscript/fileName/TMP_SubMesh_Editor.cs: b381eb4c2ad4ef265088242d67c5b140 -> 
  custom:scripting/monoscript/fileName/TMP_SerializedPropertyHolder.cs: 99e5dbc1fa1abe750acc8166e4243be8 -> 
  custom:scripting/monoscript/fileName/TMPro_SortingLayerHelper.cs: 8b86ad735987eff6a1277352e9e8d9b6 -> 
  custom:scripting/monoscript/fileName/TMP_TextElement.cs: 5dfb95666bd41ecc32948097824aba23 -> 
  custom:scripting/monoscript/fileName/TMP_InputFieldEditor.cs: a6f05406e9cdb59679382b884c14216a -> 
  custom:scripting/monoscript/fileName/TMP_Text.cs: 5cba61e283281e8dbf7dadaabcd638dc -> 
  custom:container-demuxer-ogg: 62fdf1f143b41e24485cea50d1cbac27 -> 
  custom:scripting/monoscript/fileName/TMP_SpriteAssetEditor.cs: 8a42af05e85c0eed4128787976375b45 -> 
  custom:scripting/monoscript/fileName/TMP_ListPool.cs: 90647cc400823b41df847a6cbfc29026 -> 
  custom:scripting/monoscript/fileName/TMP_SpriteCharacterPropertyDrawer.cs: 14565b4e4f9266584dc3194fd967d252 -> 
  custom:AudioImporter_EditorPlatform: 3918e3fc78b5a79bad01e8451be0beb8 -> 
  custom:scripting/monoscript/fileName/TMP_SpriteAssetImportFormats.cs: 920e3140228fbd530b0080254da22d88 -> 
  custom:CustomObjectIndexerAttribute: 9a22284fe3817be447336de3de66b15e -> 
  custom:scripting/monoscript/fileName/TMP_StyleAssetMenu.cs: 60e7743122a0686d1131101c521adac6 -> 
  custom:scripting/monoscript/fileName/TMP_BitmapShaderGUI.cs: 2ce3ac811452d1d6d82e565157cac3e2 -> 
  custom:scripting/monoscript/fileName/TMP_MaterialManager.cs: 441d72ec3c04a8da6a351f60fff95465 -> 
  custom:scripting/monoscript/fileName/TMP_ColorGradientAssetMenu.cs: 83563be632f8167fcdca7878d36901f9 -> 
  custom:scripting/monoscript/fileName/TMP_SpriteAsset.cs: 8d06882cb45c7664f8d7c3079ee8757f -> 
  custom:scripting/monoscript/fileName/CombatManager.cs: 9e9415fa541f485f607a301095cbe791 -> 
  custom:scripting/monoscript/fileName/TMP_TextParsingUtilities.cs: 8b3fe20641ae0dd97405135955c706a3 -> 
  custom:scripting/monoscript/fileName/MaterialReferenceManager.cs: c970e86594a0f568cbda548f2d4462c1 -> 
  custom:scripting/monoscript/fileName/DropdownOptionListDrawer.cs: 4362475bc384312c771d88865ee2f40d -> 2b2ea9c97f9351f45324b7dd26de9002
  custom:scripting/monoscript/fileName/King.cs: 0e6bf450f886303abd9316ef88db0a9c -> 
  custom:scripting/monoscript/fileName/Card.cs: 42fd60fcba0cf1de339d217ecb9b80c4 -> 
  custom:scripting/monoscript/fileName/TMP_Character.cs: 015720458ea991fbf07357eae19532db -> 
  custom:scripting/monoscript/fileName/TMP_ResourcesManager.cs: 64252a073d41e9c6f4e95b5f68ac966c -> 
  custom:scripting/monoscript/fileName/TMPro_TexturePostProcessor.cs: 0750ad2b775120fa59f760172dc340ad -> 
  custom:scripting/monoscript/fileName/TMP_PostBuildProcessHandler.cs: c69b388004562ecb0f789fc3759d9651 -> 
  custom:scripting/monoscript/fileName/ITextPreProcessor.cs: a7aa94de5d5bfce2bdd74516315faaf2 -> 
  custom:scripting/monoscript/fileName/TMP_SubMesh.cs: 9fd75270af40187985e5c14cc85ebe42 -> 
  custom:scripting/monoscript/fileName/TMP_DropdownEditor.cs: 2d907ee76ef876797c15186180266847 -> 
  custom:scripting/monoscript/fileName/TMP_GlyphPropertyDrawer.cs: 56b500a16a5c8f635a7bfdd702279864 -> 
  custom:framework-osx-AVFoundation: e770b220cccbd017edd2c1fefb359320 -> 
  custom:scripting/precompiled-assembly-types:Unity.TextMeshPro: 59230975e8163396a463bd906828ec67 -> 
  custom:scripting/monoscript/fileName/Arrow.cs: ece85ba7bf475bfc1dcec008b433482f -> 
  custom:scripting/monoscript/fileName/TMP_PackageResourceImporter.cs: 949b6e7fa2132b400d5c4aaf9c34421a -> 
  custom:scripting/monoscript/fileName/TMP_EditorCoroutine.cs: 04cbf5ce6e541d98265aa7668ef82832 -> 
  custom:scripting/monoscript/fileName/TMP_SpriteGlyph.cs: cb4cdca5a4c6415e4f27ee5280164c41 -> 
  custom:scripting/monoscript/fileName/TMPro_EditorShaderUtilities.cs: f4cbef9348a73d49f1efb8d10ff07bf0 -> 
  custom:scripting/monoscript/fileName/TMP_CharacterPropertyDrawer.cs: ddc6f8909fdac3de9238e9b86e411c3e -> 
  custom:scripting/precompiled-assembly-types:Assembly-CSharp: c83e19ea907c766c2b7caa355999723b -> 9bd7f8623f7bf0f4e634c2f7935829fd
  custom:scripting/monoscript/fileName/TMP_FontAssetEditor.cs: e359b61135381f6b1d7b8c7e97a930f3 -> 
  custom:scripting/monoscript/fileName/TMP_FontAsset_CreationMenu.cs: 1c5caeb31a0df734411a201aca87cb03 -> 
  custom:scripting/monoscript/fileName/TMP_CoroutineTween.cs: 76849b8d6d4ce499ad8ffee762e4a4af -> 
  custom:scripting/monoscript/fileName/TMP_Style.cs: ecc9948baa78373f3076151d1a0642d9 -> 
  custom:scripting/monoscript/fileName/TMP_ScrollbarEventHandler.cs: c015e39b5a3f1a14518ce039f30e10af -> 
  custom:scripting/monoscript/fileName/GlyphMetricsPropertyDrawer.cs: 438b07e6eae795dab04c32f51ac4e752 -> 
  custom:scripting/monoscript/fileName/TMP_StyleSheetEditor.cs: 38b210a450ac855df2d81ab0242c2feb -> 
  custom:scripting/monoscript/fileName/TMP_ObjectPool.cs: 90647cc400823b41df847a6cbfc29026 -> 
  custom:scripting/monoscript/fileName/TMP_EditorPanelUI.cs: 0c3fb43855adf1da22258c211d01a47d -> 
  custom:scripting/monoscript/fileName/TMP_SpriteAnimator.cs: bf3a797c3a059d3698e93e0031d7f11c -> 
  custom:scripting/monoscript/fileName/TMP_FontAssetUtilities.cs: 5b7a9bc9c5c56e3cb5ccc808a2bdd9e4 -> 
  custom:container-demuxer-webm: 4f35f7cbe854078d1ac9338744f61a02 -> 
  custom:scripting/monoscript/fileName/TMP_FontAsset.cs: 6c1db4680a96f294cf0af87a0b8099aa -> 
  custom:scripting/monoscript/fileName/TMP_SubMeshUI_Editor.cs: 119a633ce37cc27ac209988b5de61d96 -> 
  custom:scripting/monoscript/fileName/TextMeshPro.cs: 0cfab9de2f927cf0a5e3dc6276498acd -> 
  custom:container-muxer-webm: aa71ff27fc2769a1b78a27578f13a17b -> 
  custom:scripting/monoscript/fileName/TMP_TextProcessingStack.cs: 6146dd1b7f9b90aa342ef9794e387c23 -> 
  custom:scripting/monoscript/fileName/TMP_BaseEditorPanel.cs: f4b9967705e7bb57152fef4117417ba7 -> 
  custom:scripting/monoscript/fileName/TMP_InputValidator.cs: 5e0d679d98dae60baa87977011e0ed51 -> 
  custom:scripting/monoscript/fileName/TMP_InputField.cs: f7712ab842984f124274656d749eca3d -> 
  custom:scripting/monoscript/fileName/TMP_Sprite.cs: 0ee3c386846aa132dd254421fac18cd1 -> 
  custom:scripting/monoscript/fileName/TMP_DefaultControls.cs: 2673e29173eb9307fa53ee17c15332ed -> 
  custom:scripting/monoscript/fileName/TMP_ResourcesLoader.cs: 6f1f07799f3cfe795f955033c27f98ed -> 
  custom:scripting/monoscript/fileName/TMP_UIStyleManager.cs: 66d96f3fa9ea14a5a6ed3f92d3bbe0f1 -> 
  custom:scripting/monoscript/fileName/TextMeshProUGUI.cs: b783d06a82b0620f102e3253b4b9fc9b -> 
  custom:scripting/monoscript/fileName/TMP_StyleSheet.cs: de73099b6bd4b9281c92feedf1315618 -> 
  custom:scripting/monoscript/fileName/TMPro_Private.cs: 90647cc400823b41df847a6cbfc29026 -> 
  custom:scripting/monoscript/fileName/TMP_SelectionCaret.cs: d2a06fefe973175bffa10d62f788c481 -> 
  custom:scripting/monoscript/fileName/TMP_MeshInfo.cs: 89833651f7d905e51b340ec2afe531d1 -> 
  custom:scripting/monoscript/fileName/TMP_SpriteCharacter.cs: 81dc73ff0878d6528202f8be44877b26 -> 
  custom:scripting/monoscript/fileName/ActivateOnMousePress.cs: fb2537b56ea5dda887807344161c5301 -> 
========================================================================
Received Prepare
Caller must complete domain reload
Begin MonoManager ReloadAssembly
Thread 0x17b487000 may have been prematurely finalized
- Loaded All Assemblies, in  0.129 seconds
Native extension for iOS target not found
Native extension for Android target not found
Native extension for OSXStandalone target not found
Native extension for WebGL target not found
Mono: successfully reloaded assembly
- Finished resetting the current domain, in  0.197 seconds
Domain Reload Profiling: 326ms
	BeginReloadAssembly (54ms)
		ExecutionOrderSort (0ms)
		DisableScriptedObjects (2ms)
		BackupInstance (0ms)
		ReleaseScriptingObjects (0ms)
		CreateAndSetChildDomain (13ms)
	RebuildCommonClasses (17ms)
	RebuildNativeTypeToScriptingClass (5ms)
	initialDomainReloadingComplete (9ms)
	LoadAllAssembliesAndSetupDomain (43ms)
		LoadAssemblies (61ms)
		RebuildTransferFunctionScriptingTraits (0ms)
		AnalyzeDomain (3ms)
			TypeCache.Refresh (2ms)
				TypeCache.ScanAssembly (0ms)
			ScanForSourceGeneratedMonoScriptInfo (0ms)
			ResolveRequiredComponents (1ms)
	FinalizeReload (197ms)
		ReleaseScriptCaches (0ms)
		RebuildScriptCaches (0ms)
		SetupLoadedEditorAssemblies (102ms)
			LogAssemblyErrors (0ms)
			InitializePlatformSupportModulesInManaged (15ms)
			SetLoadedEditorAssemblies (2ms)
			RefreshPlugins (0ms)
			BeforeProcessingInitializeOnLoad (15ms)
			ProcessInitializeOnLoadAttributes (61ms)
			ProcessInitializeOnLoadMethodAttributes (9ms)
			AfterProcessingInitializeOnLoad (1ms)
			EditorAssembliesLoaded (0ms)
		ExecutionOrderSort2 (0ms)
		AwakeInstancesAfterBackupRestoration (2ms)
Refreshing native plugins compatible for Editor in 0.11 ms, found 0 plugins.
Preloading 0 native plugins for Editor in 0.00 ms.
Unloading 428 Unused Serialized files (Serialized files now loaded: 0)
Unloading 4 unused Assets / (49.5 KB). Loaded Objects now: 916.
Memory consumption went from 240.5 MB to 240.4 MB.
Total: 1.513208 ms (FindLiveObjects: 0.029750 ms CreateObjectMapping: 0.007125 ms MarkObjects: 1.432500 ms  DeleteObjects: 0.043375 ms)

Prepare: number of updated asset objects reloaded= 0
AssetImportParameters requested are different than current active one (requested -> active):
  custom:video-encoder-webm-vp8: eb34c28f22e8b96e1ab97ce403110664 -> 
  custom:scripting/monoscript/fileName/TMP_ShaderUtilities.cs: 84a261643983e306d02445da38ed662f -> 
  custom:scripting/monoscript/fileName/TMP_SettingsEditor.cs: 56bf06371df7e13c5b8cc88becb89a4d -> 
  custom:video-decoder-webm-vp8: 9c59270c3fd7afecdb556c50c9e8de78 -> 
  custom:scripting/monoscript/fileName/TMP_UpdateRegistery.cs: 1f23864d29c3a03d22aa9b00a337cf78 -> 
  custom:scripting/monoscript/fileName/TMP_PackageUtilities.cs: 89e6e95503dd36070edf73e7aaab4557 -> 
  custom:scripting/monoscript/fileName/TMP_FontFeatureTable.cs: cbd25d300d7ed4d969d60cb9f98f2826 -> 
  custom:scripting/monoscript/fileName/TMP_FontAssetCommon.cs: 2b5f11ccf8aacaf9b5ea6564bf2b0d57 -> 
  custom:scripting/monoscript/fileName/TMP_SDFShaderGUI.cs: 1460619486eb6e8da302e26af5538aaa -> 
  custom:scripting/monoscript/fileName/TMP_RichTextTagsCommon.cs: 5462d55f8a9ad882f9a7f2d708a6978b -> 
  custom:scripting/monoscript/fileName/TMPro_ExtensionMethods.cs: 479bffcc157b89693ffc4c2ef2374861 -> 
  custom:scripting/monoscript/fileName/FastAction.cs: dfbe75b66b645b53472915ad2590af11 -> 
  custom:scripting/monoscript/fileName/TMPro_TextContainerEditor.cs: b2fbc5db24221a870c4de162a712cbfe -> 
  custom:scripting/precompiled-assembly-types:Unity.TextMeshPro.Editor: 46ffe279a7239cd1fb74eb9c5ab5b5d8 -> 
  custom:scripting/monoscript/fileName/TMPro_EventManager.cs: 4c7492301243f935f7a463360f91d217 -> 
  custom:scripting/monoscript/fileName/GlyphRectPropertyDrawer.cs: bdec415148eac17379112822c8814df5 -> 
  custom:scripting/monoscript/fileName/TMP_SubMeshUI.cs: 748262c65738bc5e1c553ae7a37a0c73 -> 
  custom:scripting/monoscript/fileName/TMP_GlyphPairAdjustmentRecordPropertyDrawer.cs: 1a07941369755af9e0a102a45e9058c5 -> 
  custom:scripting/monoscript/fileName/TMP_FontFeaturesCommon.cs: 7d1db71d73353e7dd97f094c509882fa -> 
  custom:scripting/monoscript/fileName/TMP_LineInfo.cs: bb529d63c9723788bd7143f27cd69eaf -> 
  custom:scripting/monoscript/fileName/TMPro_UGUI_Private.cs: 90647cc400823b41df847a6cbfc29026 -> 
  custom:audio-decoder-ogg-vorbis: bf7c407c2cedff20999df2af8eb42d56 -> 
  custom:video-decoder-ogg-theora: a1e56fd34408186e4bbccfd4996cb3dc -> 
  custom:scripting/monoscript/fileName/TMP_UpdateManager.cs: fa7e71df671c5b3088b39753e4bbc70d -> 
  custom:scripting/monoscript/fileName/TMP_TextAlignmentDrawer.cs: 011b7908ef5eb5e9dea532c77e85c538 -> 
  custom:scripting/monoscript/fileName/TMP_EditorPanel.cs: 0631f68be4ca0623bf3e313ec9becbc9 -> 
  custom:scripting/monoscript/fileName/TMP_EditorUtility.cs: b242106620cbbc38f0411146a086b885 -> 
  custom:scripting/monoscript/fileName/TMPro_CreateObjectMenu.cs: ddee59388caa7a56693342f3a805d427 -> 
  custom:scripting/monoscript/fileName/TMPro_ContextMenus.cs: 06b3d4b27f337b8d846ca7117f3251e1 -> 
  custom:scripting/monoscript/fileName/TMP_SpriteGlyphPropertyDrawer.cs: 1447c7afab82cf56bc359d5c7fba114e -> 
  custom:scripting/monoscript/fileName/TMP_Asset.cs: 7e95c8d89188057bea8fc9569c9aa309 -> 
  custom:scripting/monoscript/fileName/TMP_TextInfo.cs: 9e4eb698c4c168829682cbe659418e8f -> 
  custom:scripting/monoscript/fileName/TMPro_MeshUtilities.cs: 2237d160e4d9e81a7d899dc235029cb3 -> 
  custom:audio-encoder-webm-vorbis: bf7c407c2cedff20999df2af8eb42d56 -> 
  custom:scripting/monoscript/fileName/TMP_SpriteAssetMenu.cs: 05ea7b84320d1b77a6d1ae49c41ee9cc -> 
  custom:scripting/monoscript/fileName/TMP_TextElement_Legacy.cs: 6e11e173cb695b15e8cce3cd1e1cb2a7 -> 
  custom:scripting/monoscript/fileName/TMP_TextUtilities.cs: aab2855e68416a0a1f2f8904059662aa -> 
  custom:scripting/monoscript/fileName/TMP_Compatibility.cs: 3ef1f12d3c823dd740c7c596ab076c61 -> 
  custom:scripting/monoscript/fileName/TextContainer.cs: 245c032a15fbc12850861c707e37b027 -> 
  custom:scripting/monoscript/fileName/TMP_Dropdown.cs: ecea2f8babcb40d207d2e73158251f60 -> 
  custom:scripting/monoscript/fileName/TMP_BaseShaderGUI.cs: 25118693f24c47c8a4b530b8bff26574 -> 
  custom:scripting/monoscript/fileName/TMP_ColorGradient.cs: 8d91c7c4749088eca69648d37a965bf8 -> 
  custom:scripting/monoscript/fileName/TMP_CharacterInfo.cs: c840ce0b0aa6c1faafb27b3b884b2328 -> 
  custom:scripting/monoscript/fileName/TMP_ColorGradientEditor.cs: ed654c9d45026a5f71e6e9535130c15f -> 
  custom:scripting/monoscript/fileName/TMP_PreBuildProcessor.cs: 790c12dcd4980aa978fd28fb6f89fb37 -> 
  custom:scripting/monoscript/fileName/TMP_EditorResourceManager.cs: f56b80268a934198a76acc6f4cef503c -> 
  custom:scripting/monoscript/fileName/TMPro_FontAssetCreatorWindow.cs: 0d0900483ed9b57d4ccc2ff58d1220b3 -> 
  custom:SearchIndexIgnoredProperties: e643bd26f0fe6173181afceb89e7c659 -> 
  custom:scripting/monoscript/fileName/TMP_SpriteAssetImporter.cs: 675c97d72afe988872a20f51812f7cdf -> 
  custom:scripting/monoscript/fileName/TMP_Settings.cs: 68d1204aae2aa6d0a54c151b7af443e7 -> 
  custom:scripting/monoscript/fileName/TMP_SubMesh_Editor.cs: b381eb4c2ad4ef265088242d67c5b140 -> 
  custom:scripting/monoscript/fileName/TMP_SerializedPropertyHolder.cs: 99e5dbc1fa1abe750acc8166e4243be8 -> 
  custom:scripting/monoscript/fileName/TMPro_SortingLayerHelper.cs: 8b86ad735987eff6a1277352e9e8d9b6 -> 
  custom:scripting/monoscript/fileName/TMP_TextElement.cs: 5dfb95666bd41ecc32948097824aba23 -> 
  custom:scripting/monoscript/fileName/TMP_InputFieldEditor.cs: a6f05406e9cdb59679382b884c14216a -> 
  custom:scripting/monoscript/fileName/TMP_Text.cs: 5cba61e283281e8dbf7dadaabcd638dc -> 
  custom:container-demuxer-ogg: 62fdf1f143b41e24485cea50d1cbac27 -> 
  custom:scripting/monoscript/fileName/TMP_SpriteAssetEditor.cs: 8a42af05e85c0eed4128787976375b45 -> 
  custom:scripting/monoscript/fileName/TMP_ListPool.cs: 90647cc400823b41df847a6cbfc29026 -> 
  custom:scripting/monoscript/fileName/TMP_SpriteCharacterPropertyDrawer.cs: 14565b4e4f9266584dc3194fd967d252 -> 
  custom:AudioImporter_EditorPlatform: 3918e3fc78b5a79bad01e8451be0beb8 -> 
  custom:scripting/monoscript/fileName/TMP_SpriteAssetImportFormats.cs: 920e3140228fbd530b0080254da22d88 -> 
  custom:CustomObjectIndexerAttribute: 9a22284fe3817be447336de3de66b15e -> 
  custom:scripting/monoscript/fileName/TMP_StyleAssetMenu.cs: 60e7743122a0686d1131101c521adac6 -> 
  custom:scripting/monoscript/fileName/TMP_BitmapShaderGUI.cs: 2ce3ac811452d1d6d82e565157cac3e2 -> 
  custom:scripting/monoscript/fileName/TMP_MaterialManager.cs: 441d72ec3c04a8da6a351f60fff95465 -> 
  custom:scripting/monoscript/fileName/TMP_ColorGradientAssetMenu.cs: 83563be632f8167fcdca7878d36901f9 -> 
  custom:scripting/monoscript/fileName/TMP_SpriteAsset.cs: 8d06882cb45c7664f8d7c3079ee8757f -> 
  custom:scripting/monoscript/fileName/CombatManager.cs: 9e9415fa541f485f607a301095cbe791 -> 
  custom:scripting/monoscript/fileName/TMP_TextParsingUtilities.cs: 8b3fe20641ae0dd97405135955c706a3 -> 
  custom:scripting/monoscript/fileName/MaterialReferenceManager.cs: c970e86594a0f568cbda548f2d4462c1 -> 
  custom:scripting/monoscript/fileName/DropdownOptionListDrawer.cs: 4362475bc384312c771d88865ee2f40d -> 2b2ea9c97f9351f45324b7dd26de9002
  custom:scripting/monoscript/fileName/King.cs: 0e6bf450f886303abd9316ef88db0a9c -> 
  custom:scripting/monoscript/fileName/Card.cs: 42fd60fcba0cf1de339d217ecb9b80c4 -> 
  custom:scripting/monoscript/fileName/TMP_Character.cs: 015720458ea991fbf07357eae19532db -> 
  custom:scripting/monoscript/fileName/TMP_ResourcesManager.cs: 64252a073d41e9c6f4e95b5f68ac966c -> 
  custom:scripting/monoscript/fileName/TMPro_TexturePostProcessor.cs: 0750ad2b775120fa59f760172dc340ad -> 
  custom:scripting/monoscript/fileName/TMP_PostBuildProcessHandler.cs: c69b388004562ecb0f789fc3759d9651 -> 
  custom:scripting/monoscript/fileName/ITextPreProcessor.cs: a7aa94de5d5bfce2bdd74516315faaf2 -> 
  custom:scripting/monoscript/fileName/TMP_SubMesh.cs: 9fd75270af40187985e5c14cc85ebe42 -> 
  custom:scripting/monoscript/fileName/TMP_DropdownEditor.cs: 2d907ee76ef876797c15186180266847 -> 
  custom:scripting/monoscript/fileName/TMP_GlyphPropertyDrawer.cs: 56b500a16a5c8f635a7bfdd702279864 -> 
  custom:framework-osx-AVFoundation: e770b220cccbd017edd2c1fefb359320 -> 
  custom:scripting/precompiled-assembly-types:Unity.TextMeshPro: 59230975e8163396a463bd906828ec67 -> 
  custom:scripting/monoscript/fileName/Arrow.cs: ece85ba7bf475bfc1dcec008b433482f -> 
  custom:scripting/monoscript/fileName/TMP_PackageResourceImporter.cs: 949b6e7fa2132b400d5c4aaf9c34421a -> 
  custom:scripting/monoscript/fileName/TMP_EditorCoroutine.cs: 04cbf5ce6e541d98265aa7668ef82832 -> 
  custom:scripting/monoscript/fileName/TMP_SpriteGlyph.cs: cb4cdca5a4c6415e4f27ee5280164c41 -> 
  custom:scripting/monoscript/fileName/TMPro_EditorShaderUtilities.cs: f4cbef9348a73d49f1efb8d10ff07bf0 -> 
  custom:scripting/monoscript/fileName/TMP_CharacterPropertyDrawer.cs: ddc6f8909fdac3de9238e9b86e411c3e -> 
  custom:scripting/precompiled-assembly-types:Assembly-CSharp: c83e19ea907c766c2b7caa355999723b -> 9bd7f8623f7bf0f4e634c2f7935829fd
  custom:scripting/monoscript/fileName/TMP_FontAssetEditor.cs: e359b61135381f6b1d7b8c7e97a930f3 -> 
  custom:scripting/monoscript/fileName/TMP_FontAsset_CreationMenu.cs: 1c5caeb31a0df734411a201aca87cb03 -> 
  custom:scripting/monoscript/fileName/TMP_CoroutineTween.cs: 76849b8d6d4ce499ad8ffee762e4a4af -> 
  custom:scripting/monoscript/fileName/TMP_Style.cs: ecc9948baa78373f3076151d1a0642d9 -> 
  custom:scripting/monoscript/fileName/TMP_ScrollbarEventHandler.cs: c015e39b5a3f1a14518ce039f30e10af -> 
  custom:scripting/monoscript/fileName/GlyphMetricsPropertyDrawer.cs: 438b07e6eae795dab04c32f51ac4e752 -> 
  custom:scripting/monoscript/fileName/TMP_StyleSheetEditor.cs: 38b210a450ac855df2d81ab0242c2feb -> 
  custom:scripting/monoscript/fileName/TMP_ObjectPool.cs: 90647cc400823b41df847a6cbfc29026 -> 
  custom:scripting/monoscript/fileName/TMP_EditorPanelUI.cs: 0c3fb43855adf1da22258c211d01a47d -> 
  custom:scripting/monoscript/fileName/TMP_SpriteAnimator.cs: bf3a797c3a059d3698e93e0031d7f11c -> 
  custom:scripting/monoscript/fileName/TMP_FontAssetUtilities.cs: 5b7a9bc9c5c56e3cb5ccc808a2bdd9e4 -> 
  custom:container-demuxer-webm: 4f35f7cbe854078d1ac9338744f61a02 -> 
  custom:scripting/monoscript/fileName/TMP_FontAsset.cs: 6c1db4680a96f294cf0af87a0b8099aa -> 
  custom:scripting/monoscript/fileName/TMP_SubMeshUI_Editor.cs: 119a633ce37cc27ac209988b5de61d96 -> 
  custom:scripting/monoscript/fileName/TextMeshPro.cs: 0cfab9de2f927cf0a5e3dc6276498acd -> 
  custom:container-muxer-webm: aa71ff27fc2769a1b78a27578f13a17b -> 
  custom:scripting/monoscript/fileName/TMP_TextProcessingStack.cs: 6146dd1b7f9b90aa342ef9794e387c23 -> 
  custom:scripting/monoscript/fileName/TMP_BaseEditorPanel.cs: f4b9967705e7bb57152fef4117417ba7 -> 
  custom:scripting/monoscript/fileName/TMP_InputValidator.cs: 5e0d679d98dae60baa87977011e0ed51 -> 
  custom:scripting/monoscript/fileName/TMP_InputField.cs: f7712ab842984f124274656d749eca3d -> 
  custom:scripting/monoscript/fileName/TMP_Sprite.cs: 0ee3c386846aa132dd254421fac18cd1 -> 
  custom:scripting/monoscript/fileName/TMP_DefaultControls.cs: 2673e29173eb9307fa53ee17c15332ed -> 
  custom:scripting/monoscript/fileName/TMP_ResourcesLoader.cs: 6f1f07799f3cfe795f955033c27f98ed -> 
  custom:scripting/monoscript/fileName/TMP_UIStyleManager.cs: 66d96f3fa9ea14a5a6ed3f92d3bbe0f1 -> 
  custom:scripting/monoscript/fileName/TextMeshProUGUI.cs: b783d06a82b0620f102e3253b4b9fc9b -> 
  custom:scripting/monoscript/fileName/TMP_StyleSheet.cs: de73099b6bd4b9281c92feedf1315618 -> 
  custom:scripting/monoscript/fileName/TMPro_Private.cs: 90647cc400823b41df847a6cbfc29026 -> 
  custom:scripting/monoscript/fileName/TMP_SelectionCaret.cs: d2a06fefe973175bffa10d62f788c481 -> 
  custom:scripting/monoscript/fileName/TMP_MeshInfo.cs: 89833651f7d905e51b340ec2afe531d1 -> 
  custom:scripting/monoscript/fileName/TMP_SpriteCharacter.cs: 81dc73ff0878d6528202f8be44877b26 -> 
  custom:scripting/monoscript/fileName/ActivateOnMousePress.cs: fb2537b56ea5dda887807344161c5301 -> 
========================================================================
Received Prepare
Caller must complete domain reload
Begin MonoManager ReloadAssembly
Thread 0x17b487000 may have been prematurely finalized
- Loaded All Assemblies, in  0.133 seconds
Native extension for iOS target not found
Native extension for Android target not found
Native extension for OSXStandalone target not found
Native extension for WebGL target not found
Mono: successfully reloaded assembly
- Finished resetting the current domain, in  0.201 seconds
Domain Reload Profiling: 335ms
	BeginReloadAssembly (56ms)
		ExecutionOrderSort (0ms)
		DisableScriptedObjects (2ms)
		BackupInstance (0ms)
		ReleaseScriptingObjects (0ms)
		CreateAndSetChildDomain (14ms)
	RebuildCommonClasses (17ms)
	RebuildNativeTypeToScriptingClass (6ms)
	initialDomainReloadingComplete (9ms)
	LoadAllAssembliesAndSetupDomain (45ms)
		LoadAssemblies (63ms)
		RebuildTransferFunctionScriptingTraits (0ms)
		AnalyzeDomain (4ms)
			TypeCache.Refresh (2ms)
				TypeCache.ScanAssembly (0ms)
			ScanForSourceGeneratedMonoScriptInfo (0ms)
			ResolveRequiredComponents (1ms)
	FinalizeReload (202ms)
		ReleaseScriptCaches (0ms)
		RebuildScriptCaches (0ms)
		SetupLoadedEditorAssemblies (103ms)
			LogAssemblyErrors (0ms)
			InitializePlatformSupportModulesInManaged (16ms)
			SetLoadedEditorAssemblies (2ms)
			RefreshPlugins (0ms)
			BeforeProcessingInitializeOnLoad (15ms)
			ProcessInitializeOnLoadAttributes (61ms)
			ProcessInitializeOnLoadMethodAttributes (8ms)
			AfterProcessingInitializeOnLoad (1ms)
			EditorAssembliesLoaded (0ms)
		ExecutionOrderSort2 (0ms)
		AwakeInstancesAfterBackupRestoration (2ms)
Refreshing native plugins compatible for Editor in 0.10 ms, found 0 plugins.
Preloading 0 native plugins for Editor in 0.00 ms.
Unloading 428 Unused Serialized files (Serialized files now loaded: 0)
Unloading 4 unused Assets / (49.4 KB). Loaded Objects now: 916.
Memory consumption went from 246.4 MB to 246.3 MB.
Total: 1.469417 ms (FindLiveObjects: 0.028209 ms CreateObjectMapping: 0.006916 ms MarkObjects: 1.396667 ms  DeleteObjects: 0.037500 ms)

Prepare: number of updated asset objects reloaded= 0
AssetImportParameters requested are different than current active one (requested -> active):
  custom:video-encoder-webm-vp8: eb34c28f22e8b96e1ab97ce403110664 -> 
  custom:scripting/monoscript/fileName/TMP_ShaderUtilities.cs: 84a261643983e306d02445da38ed662f -> 
  custom:scripting/monoscript/fileName/TMP_SettingsEditor.cs: 56bf06371df7e13c5b8cc88becb89a4d -> 
  custom:video-decoder-webm-vp8: 9c59270c3fd7afecdb556c50c9e8de78 -> 
  custom:scripting/monoscript/fileName/TMP_UpdateRegistery.cs: 1f23864d29c3a03d22aa9b00a337cf78 -> 
  custom:scripting/monoscript/fileName/TMP_PackageUtilities.cs: 89e6e95503dd36070edf73e7aaab4557 -> 
  custom:scripting/monoscript/fileName/TMP_FontFeatureTable.cs: cbd25d300d7ed4d969d60cb9f98f2826 -> 
  custom:scripting/monoscript/fileName/TMP_FontAssetCommon.cs: 2b5f11ccf8aacaf9b5ea6564bf2b0d57 -> 
  custom:scripting/monoscript/fileName/TMP_SDFShaderGUI.cs: 1460619486eb6e8da302e26af5538aaa -> 
  custom:scripting/monoscript/fileName/TMP_RichTextTagsCommon.cs: 5462d55f8a9ad882f9a7f2d708a6978b -> 
  custom:scripting/monoscript/fileName/TMPro_ExtensionMethods.cs: 479bffcc157b89693ffc4c2ef2374861 -> 
  custom:scripting/monoscript/fileName/FastAction.cs: dfbe75b66b645b53472915ad2590af11 -> 
  custom:scripting/monoscript/fileName/TMPro_TextContainerEditor.cs: b2fbc5db24221a870c4de162a712cbfe -> 
  custom:scripting/precompiled-assembly-types:Unity.TextMeshPro.Editor: 46ffe279a7239cd1fb74eb9c5ab5b5d8 -> 
  custom:scripting/monoscript/fileName/TMPro_EventManager.cs: 4c7492301243f935f7a463360f91d217 -> 
  custom:scripting/monoscript/fileName/GlyphRectPropertyDrawer.cs: bdec415148eac17379112822c8814df5 -> 
  custom:scripting/monoscript/fileName/TMP_SubMeshUI.cs: 748262c65738bc5e1c553ae7a37a0c73 -> 
  custom:scripting/monoscript/fileName/TMP_GlyphPairAdjustmentRecordPropertyDrawer.cs: 1a07941369755af9e0a102a45e9058c5 -> 
  custom:scripting/monoscript/fileName/TMP_FontFeaturesCommon.cs: 7d1db71d73353e7dd97f094c509882fa -> 
  custom:scripting/monoscript/fileName/TMP_LineInfo.cs: bb529d63c9723788bd7143f27cd69eaf -> 
  custom:scripting/monoscript/fileName/TMPro_UGUI_Private.cs: 90647cc400823b41df847a6cbfc29026 -> 
  custom:audio-decoder-ogg-vorbis: bf7c407c2cedff20999df2af8eb42d56 -> 
  custom:video-decoder-ogg-theora: a1e56fd34408186e4bbccfd4996cb3dc -> 
  custom:scripting/monoscript/fileName/TMP_UpdateManager.cs: fa7e71df671c5b3088b39753e4bbc70d -> 
  custom:scripting/monoscript/fileName/TMP_TextAlignmentDrawer.cs: 011b7908ef5eb5e9dea532c77e85c538 -> 
  custom:scripting/monoscript/fileName/TMP_EditorPanel.cs: 0631f68be4ca0623bf3e313ec9becbc9 -> 
  custom:scripting/monoscript/fileName/TMP_EditorUtility.cs: b242106620cbbc38f0411146a086b885 -> 
  custom:scripting/monoscript/fileName/TMPro_CreateObjectMenu.cs: ddee59388caa7a56693342f3a805d427 -> 
  custom:scripting/monoscript/fileName/TMPro_ContextMenus.cs: 06b3d4b27f337b8d846ca7117f3251e1 -> 
  custom:scripting/monoscript/fileName/TMP_SpriteGlyphPropertyDrawer.cs: 1447c7afab82cf56bc359d5c7fba114e -> 
  custom:scripting/monoscript/fileName/TMP_Asset.cs: 7e95c8d89188057bea8fc9569c9aa309 -> 
  custom:scripting/monoscript/fileName/TMP_TextInfo.cs: 9e4eb698c4c168829682cbe659418e8f -> 
  custom:scripting/monoscript/fileName/TMPro_MeshUtilities.cs: 2237d160e4d9e81a7d899dc235029cb3 -> 
  custom:audio-encoder-webm-vorbis: bf7c407c2cedff20999df2af8eb42d56 -> 
  custom:scripting/monoscript/fileName/TMP_SpriteAssetMenu.cs: 05ea7b84320d1b77a6d1ae49c41ee9cc -> 
  custom:scripting/monoscript/fileName/TMP_TextElement_Legacy.cs: 6e11e173cb695b15e8cce3cd1e1cb2a7 -> 
  custom:scripting/monoscript/fileName/TMP_TextUtilities.cs: aab2855e68416a0a1f2f8904059662aa -> 
  custom:scripting/monoscript/fileName/TMP_Compatibility.cs: 3ef1f12d3c823dd740c7c596ab076c61 -> 
  custom:scripting/monoscript/fileName/TextContainer.cs: 245c032a15fbc12850861c707e37b027 -> 
  custom:scripting/monoscript/fileName/TMP_Dropdown.cs: ecea2f8babcb40d207d2e73158251f60 -> 
  custom:scripting/monoscript/fileName/TMP_BaseShaderGUI.cs: 25118693f24c47c8a4b530b8bff26574 -> 
  custom:scripting/monoscript/fileName/TMP_ColorGradient.cs: 8d91c7c4749088eca69648d37a965bf8 -> 
  custom:scripting/monoscript/fileName/TMP_CharacterInfo.cs: c840ce0b0aa6c1faafb27b3b884b2328 -> 
  custom:scripting/monoscript/fileName/TMP_ColorGradientEditor.cs: ed654c9d45026a5f71e6e9535130c15f -> 
  custom:scripting/monoscript/fileName/TMP_PreBuildProcessor.cs: 790c12dcd4980aa978fd28fb6f89fb37 -> 
  custom:scripting/monoscript/fileName/TMP_EditorResourceManager.cs: f56b80268a934198a76acc6f4cef503c -> 
  custom:scripting/monoscript/fileName/TMPro_FontAssetCreatorWindow.cs: 0d0900483ed9b57d4ccc2ff58d1220b3 -> 
  custom:SearchIndexIgnoredProperties: e643bd26f0fe6173181afceb89e7c659 -> 
  custom:scripting/monoscript/fileName/TMP_SpriteAssetImporter.cs: 675c97d72afe988872a20f51812f7cdf -> 
  custom:scripting/monoscript/fileName/TMP_Settings.cs: 68d1204aae2aa6d0a54c151b7af443e7 -> 
  custom:scripting/monoscript/fileName/TMP_SubMesh_Editor.cs: b381eb4c2ad4ef265088242d67c5b140 -> 
  custom:scripting/monoscript/fileName/TMP_SerializedPropertyHolder.cs: 99e5dbc1fa1abe750acc8166e4243be8 -> 
  custom:scripting/monoscript/fileName/TMPro_SortingLayerHelper.cs: 8b86ad735987eff6a1277352e9e8d9b6 -> 
  custom:scripting/monoscript/fileName/TMP_TextElement.cs: 5dfb95666bd41ecc32948097824aba23 -> 
  custom:scripting/monoscript/fileName/TMP_InputFieldEditor.cs: a6f05406e9cdb59679382b884c14216a -> 
  custom:scripting/monoscript/fileName/TMP_Text.cs: 5cba61e283281e8dbf7dadaabcd638dc -> 
  custom:container-demuxer-ogg: 62fdf1f143b41e24485cea50d1cbac27 -> 
  custom:scripting/monoscript/fileName/TMP_SpriteAssetEditor.cs: 8a42af05e85c0eed4128787976375b45 -> 
  custom:scripting/monoscript/fileName/TMP_ListPool.cs: 90647cc400823b41df847a6cbfc29026 -> 
  custom:scripting/monoscript/fileName/TMP_SpriteCharacterPropertyDrawer.cs: 14565b4e4f9266584dc3194fd967d252 -> 
  custom:AudioImporter_EditorPlatform: 3918e3fc78b5a79bad01e8451be0beb8 -> 
  custom:scripting/monoscript/fileName/TMP_SpriteAssetImportFormats.cs: 920e3140228fbd530b0080254da22d88 -> 
  custom:CustomObjectIndexerAttribute: 9a22284fe3817be447336de3de66b15e -> 
  custom:scripting/monoscript/fileName/TMP_StyleAssetMenu.cs: 60e7743122a0686d1131101c521adac6 -> 
  custom:scripting/monoscript/fileName/TMP_BitmapShaderGUI.cs: 2ce3ac811452d1d6d82e565157cac3e2 -> 
  custom:scripting/monoscript/fileName/TMP_MaterialManager.cs: 441d72ec3c04a8da6a351f60fff95465 -> 
  custom:scripting/monoscript/fileName/TMP_ColorGradientAssetMenu.cs: 83563be632f8167fcdca7878d36901f9 -> 
  custom:scripting/monoscript/fileName/TMP_SpriteAsset.cs: 8d06882cb45c7664f8d7c3079ee8757f -> 
  custom:scripting/monoscript/fileName/CombatManager.cs: 9e9415fa541f485f607a301095cbe791 -> 
  custom:scripting/monoscript/fileName/TMP_TextParsingUtilities.cs: 8b3fe20641ae0dd97405135955c706a3 -> 
  custom:scripting/monoscript/fileName/MaterialReferenceManager.cs: c970e86594a0f568cbda548f2d4462c1 -> 
  custom:scripting/monoscript/fileName/DropdownOptionListDrawer.cs: 4362475bc384312c771d88865ee2f40d -> 2b2ea9c97f9351f45324b7dd26de9002
  custom:scripting/monoscript/fileName/King.cs: 0e6bf450f886303abd9316ef88db0a9c -> 
  custom:scripting/monoscript/fileName/Card.cs: 42fd60fcba0cf1de339d217ecb9b80c4 -> 
  custom:scripting/monoscript/fileName/TMP_Character.cs: 015720458ea991fbf07357eae19532db -> 
  custom:scripting/monoscript/fileName/TMP_ResourcesManager.cs: 64252a073d41e9c6f4e95b5f68ac966c -> 
  custom:scripting/monoscript/fileName/TMPro_TexturePostProcessor.cs: 0750ad2b775120fa59f760172dc340ad -> 
  custom:scripting/monoscript/fileName/TMP_PostBuildProcessHandler.cs: c69b388004562ecb0f789fc3759d9651 -> 
  custom:scripting/monoscript/fileName/ITextPreProcessor.cs: a7aa94de5d5bfce2bdd74516315faaf2 -> 
  custom:scripting/monoscript/fileName/TMP_SubMesh.cs: 9fd75270af40187985e5c14cc85ebe42 -> 
  custom:scripting/monoscript/fileName/TMP_DropdownEditor.cs: 2d907ee76ef876797c15186180266847 -> 
  custom:scripting/monoscript/fileName/TMP_GlyphPropertyDrawer.cs: 56b500a16a5c8f635a7bfdd702279864 -> 
  custom:framework-osx-AVFoundation: e770b220cccbd017edd2c1fefb359320 -> 
  custom:scripting/precompiled-assembly-types:Unity.TextMeshPro: 59230975e8163396a463bd906828ec67 -> 
  custom:scripting/monoscript/fileName/Arrow.cs: ece85ba7bf475bfc1dcec008b433482f -> 
  custom:scripting/monoscript/fileName/TMP_PackageResourceImporter.cs: 949b6e7fa2132b400d5c4aaf9c34421a -> 
  custom:scripting/monoscript/fileName/TMP_EditorCoroutine.cs: 04cbf5ce6e541d98265aa7668ef82832 -> 
  custom:scripting/monoscript/fileName/TMP_SpriteGlyph.cs: cb4cdca5a4c6415e4f27ee5280164c41 -> 
  custom:scripting/monoscript/fileName/TMPro_EditorShaderUtilities.cs: f4cbef9348a73d49f1efb8d10ff07bf0 -> 
  custom:scripting/monoscript/fileName/TMP_CharacterPropertyDrawer.cs: ddc6f8909fdac3de9238e9b86e411c3e -> 
  custom:scripting/precompiled-assembly-types:Assembly-CSharp: c83e19ea907c766c2b7caa355999723b -> 9bd7f8623f7bf0f4e634c2f7935829fd
  custom:scripting/monoscript/fileName/TMP_FontAssetEditor.cs: e359b61135381f6b1d7b8c7e97a930f3 -> 
  custom:scripting/monoscript/fileName/TMP_FontAsset_CreationMenu.cs: 1c5caeb31a0df734411a201aca87cb03 -> 
  custom:scripting/monoscript/fileName/TMP_CoroutineTween.cs: 76849b8d6d4ce499ad8ffee762e4a4af -> 
  custom:scripting/monoscript/fileName/TMP_Style.cs: ecc9948baa78373f3076151d1a0642d9 -> 
  custom:scripting/monoscript/fileName/TMP_ScrollbarEventHandler.cs: c015e39b5a3f1a14518ce039f30e10af -> 
  custom:scripting/monoscript/fileName/GlyphMetricsPropertyDrawer.cs: 438b07e6eae795dab04c32f51ac4e752 -> 
  custom:scripting/monoscript/fileName/TMP_StyleSheetEditor.cs: 38b210a450ac855df2d81ab0242c2feb -> 
  custom:scripting/monoscript/fileName/TMP_ObjectPool.cs: 90647cc400823b41df847a6cbfc29026 -> 
  custom:scripting/monoscript/fileName/TMP_EditorPanelUI.cs: 0c3fb43855adf1da22258c211d01a47d -> 
  custom:scripting/monoscript/fileName/TMP_SpriteAnimator.cs: bf3a797c3a059d3698e93e0031d7f11c -> 
  custom:scripting/monoscript/fileName/TMP_FontAssetUtilities.cs: 5b7a9bc9c5c56e3cb5ccc808a2bdd9e4 -> 
  custom:container-demuxer-webm: 4f35f7cbe854078d1ac9338744f61a02 -> 
  custom:scripting/monoscript/fileName/TMP_FontAsset.cs: 6c1db4680a96f294cf0af87a0b8099aa -> 
  custom:scripting/monoscript/fileName/TMP_SubMeshUI_Editor.cs: 119a633ce37cc27ac209988b5de61d96 -> 
  custom:scripting/monoscript/fileName/TextMeshPro.cs: 0cfab9de2f927cf0a5e3dc6276498acd -> 
  custom:container-muxer-webm: aa71ff27fc2769a1b78a27578f13a17b -> 
  custom:scripting/monoscript/fileName/TMP_TextProcessingStack.cs: 6146dd1b7f9b90aa342ef9794e387c23 -> 
  custom:scripting/monoscript/fileName/TMP_BaseEditorPanel.cs: f4b9967705e7bb57152fef4117417ba7 -> 
  custom:scripting/monoscript/fileName/TMP_InputValidator.cs: 5e0d679d98dae60baa87977011e0ed51 -> 
  custom:scripting/monoscript/fileName/TMP_InputField.cs: f7712ab842984f124274656d749eca3d -> 
  custom:scripting/monoscript/fileName/TMP_Sprite.cs: 0ee3c386846aa132dd254421fac18cd1 -> 
  custom:scripting/monoscript/fileName/TMP_DefaultControls.cs: 2673e29173eb9307fa53ee17c15332ed -> 
  custom:scripting/monoscript/fileName/TMP_ResourcesLoader.cs: 6f1f07799f3cfe795f955033c27f98ed -> 
  custom:scripting/monoscript/fileName/TMP_UIStyleManager.cs: 66d96f3fa9ea14a5a6ed3f92d3bbe0f1 -> 
  custom:scripting/monoscript/fileName/TextMeshProUGUI.cs: b783d06a82b0620f102e3253b4b9fc9b -> 
  custom:scripting/monoscript/fileName/TMP_StyleSheet.cs: de73099b6bd4b9281c92feedf1315618 -> 
  custom:scripting/monoscript/fileName/TMPro_Private.cs: 90647cc400823b41df847a6cbfc29026 -> 
  custom:scripting/monoscript/fileName/TMP_SelectionCaret.cs: d2a06fefe973175bffa10d62f788c481 -> 
  custom:scripting/monoscript/fileName/TMP_MeshInfo.cs: 89833651f7d905e51b340ec2afe531d1 -> 
  custom:scripting/monoscript/fileName/TMP_SpriteCharacter.cs: 81dc73ff0878d6528202f8be44877b26 -> 
  custom:scripting/monoscript/fileName/ActivateOnMousePress.cs: fb2537b56ea5dda887807344161c5301 -> 
========================================================================
Received Import Request.
  Time since last request: 4133.145818 seconds.
  path: Assets/Scripts/Slingshot.cs
  artifactKey: Guid(86a5090a9184b477b93f01ab939d9361) Importer(815301076,1909f56bfc062723c751e8b465ee728b)
Start importing Assets/Scripts/Slingshot.cs using Guid(86a5090a9184b477b93f01ab939d9361) Importer(815301076,1909f56bfc062723c751e8b465ee728b) [PhysX] Initialized MultithreadedTaskDispatcher with 14 workers.
 -> (artifact id: 'c0846885ebb1748d6d638c099b7bb7dd') in 0.009394 seconds
Number of updated asset objects reloaded before import = 0
Number of asset objects unloaded after import = 0
========================================================================
Received Prepare
Caller must complete domain reload
Begin MonoManager ReloadAssembly
Thread 0x17b487000 may have been prematurely finalized
- Loaded All Assemblies, in  0.158 seconds
Native extension for iOS target not found
Native extension for Android target not found
Native extension for OSXStandalone target not found
Native extension for WebGL target not found
Mono: successfully reloaded assembly
- Finished resetting the current domain, in  0.221 seconds
Domain Reload Profiling: 379ms
	BeginReloadAssembly (68ms)
		ExecutionOrderSort (0ms)
		DisableScriptedObjects (3ms)
		BackupInstance (0ms)
		ReleaseScriptingObjects (0ms)
		CreateAndSetChildDomain (17ms)
	RebuildCommonClasses (17ms)
	RebuildNativeTypeToScriptingClass (6ms)
	initialDomainReloadingComplete (12ms)
	LoadAllAssembliesAndSetupDomain (55ms)
		LoadAssemblies (75ms)
		RebuildTransferFunctionScriptingTraits (0ms)
		AnalyzeDomain (8ms)
			TypeCache.Refresh (5ms)
				TypeCache.ScanAssembly (0ms)
			ScanForSourceGeneratedMonoScriptInfo (1ms)
			ResolveRequiredComponents (1ms)
	FinalizeReload (222ms)
		ReleaseScriptCaches (0ms)
		RebuildScriptCaches (0ms)
		SetupLoadedEditorAssemblies (111ms)
			LogAssemblyErrors (0ms)
			InitializePlatformSupportModulesInManaged (17ms)
			SetLoadedEditorAssemblies (2ms)
			RefreshPlugins (0ms)
			BeforeProcessingInitializeOnLoad (15ms)
			ProcessInitializeOnLoadAttributes (67ms)
			ProcessInitializeOnLoadMethodAttributes (9ms)
			AfterProcessingInitializeOnLoad (1ms)
			EditorAssembliesLoaded (0ms)
		ExecutionOrderSort2 (0ms)
		AwakeInstancesAfterBackupRestoration (2ms)
Refreshing native plugins compatible for Editor in 0.12 ms, found 0 plugins.
Preloading 0 native plugins for Editor in 0.00 ms.
Unloading 428 Unused Serialized files (Serialized files now loaded: 0)
Unloading 4 unused Assets / (49.5 KB). Loaded Objects now: 917.
Memory consumption went from 252.0 MB to 252.0 MB.
Total: 1.679125 ms (FindLiveObjects: 0.030709 ms CreateObjectMapping: 0.007000 ms MarkObjects: 1.593208 ms  DeleteObjects: 0.048083 ms)

Prepare: number of updated asset objects reloaded= 0
AssetImportParameters requested are different than current active one (requested -> active):
  custom:video-encoder-webm-vp8: eb34c28f22e8b96e1ab97ce403110664 -> 
  custom:scripting/monoscript/fileName/TMP_ShaderUtilities.cs: 84a261643983e306d02445da38ed662f -> 
  custom:scripting/monoscript/fileName/TMP_SettingsEditor.cs: 56bf06371df7e13c5b8cc88becb89a4d -> 
  custom:video-decoder-webm-vp8: 9c59270c3fd7afecdb556c50c9e8de78 -> 
  custom:scripting/monoscript/fileName/TMP_UpdateRegistery.cs: 1f23864d29c3a03d22aa9b00a337cf78 -> 
  custom:scripting/monoscript/fileName/TMP_PackageUtilities.cs: 89e6e95503dd36070edf73e7aaab4557 -> 
  custom:scripting/monoscript/fileName/TMP_FontFeatureTable.cs: cbd25d300d7ed4d969d60cb9f98f2826 -> 
  custom:scripting/monoscript/fileName/TMP_FontAssetCommon.cs: 2b5f11ccf8aacaf9b5ea6564bf2b0d57 -> 
  custom:scripting/monoscript/fileName/TMP_SDFShaderGUI.cs: 1460619486eb6e8da302e26af5538aaa -> 
  custom:scripting/monoscript/fileName/TMP_RichTextTagsCommon.cs: 5462d55f8a9ad882f9a7f2d708a6978b -> 
  custom:scripting/monoscript/fileName/TMPro_ExtensionMethods.cs: 479bffcc157b89693ffc4c2ef2374861 -> 
  custom:scripting/monoscript/fileName/FastAction.cs: dfbe75b66b645b53472915ad2590af11 -> 
  custom:scripting/monoscript/fileName/TMPro_TextContainerEditor.cs: b2fbc5db24221a870c4de162a712cbfe -> 
  custom:scripting/precompiled-assembly-types:Unity.TextMeshPro.Editor: 46ffe279a7239cd1fb74eb9c5ab5b5d8 -> 
  custom:scripting/monoscript/fileName/TMPro_EventManager.cs: 4c7492301243f935f7a463360f91d217 -> 
  custom:scripting/monoscript/fileName/GlyphRectPropertyDrawer.cs: bdec415148eac17379112822c8814df5 -> 
  custom:scripting/monoscript/fileName/TMP_SubMeshUI.cs: 748262c65738bc5e1c553ae7a37a0c73 -> 
  custom:scripting/monoscript/fileName/TMP_GlyphPairAdjustmentRecordPropertyDrawer.cs: 1a07941369755af9e0a102a45e9058c5 -> 
  custom:scripting/monoscript/fileName/TMP_FontFeaturesCommon.cs: 7d1db71d73353e7dd97f094c509882fa -> 
  custom:scripting/monoscript/fileName/TMP_LineInfo.cs: bb529d63c9723788bd7143f27cd69eaf -> 
  custom:scripting/monoscript/fileName/TMPro_UGUI_Private.cs: 90647cc400823b41df847a6cbfc29026 -> 
  custom:audio-decoder-ogg-vorbis: bf7c407c2cedff20999df2af8eb42d56 -> 
  custom:video-decoder-ogg-theora: a1e56fd34408186e4bbccfd4996cb3dc -> 
  custom:scripting/monoscript/fileName/TMP_UpdateManager.cs: fa7e71df671c5b3088b39753e4bbc70d -> 
  custom:scripting/monoscript/fileName/TMP_TextAlignmentDrawer.cs: 011b7908ef5eb5e9dea532c77e85c538 -> 
  custom:scripting/monoscript/fileName/TMP_EditorPanel.cs: 0631f68be4ca0623bf3e313ec9becbc9 -> 
  custom:scripting/monoscript/fileName/TMP_EditorUtility.cs: b242106620cbbc38f0411146a086b885 -> 
  custom:scripting/monoscript/fileName/TMPro_CreateObjectMenu.cs: ddee59388caa7a56693342f3a805d427 -> 
  custom:scripting/monoscript/fileName/TMPro_ContextMenus.cs: 06b3d4b27f337b8d846ca7117f3251e1 -> 
  custom:scripting/monoscript/fileName/TMP_SpriteGlyphPropertyDrawer.cs: 1447c7afab82cf56bc359d5c7fba114e -> 
  custom:scripting/monoscript/fileName/TMP_Asset.cs: 7e95c8d89188057bea8fc9569c9aa309 -> 
  custom:scripting/monoscript/fileName/Slingshot.cs: 3e0fa63f9ad2958a2dc5fa3a6230249a -> 
  custom:scripting/monoscript/fileName/TMP_TextInfo.cs: 9e4eb698c4c168829682cbe659418e8f -> 
  custom:scripting/monoscript/fileName/TMPro_MeshUtilities.cs: 2237d160e4d9e81a7d899dc235029cb3 -> 
  custom:audio-encoder-webm-vorbis: bf7c407c2cedff20999df2af8eb42d56 -> 
  custom:scripting/monoscript/fileName/TMP_SpriteAssetMenu.cs: 05ea7b84320d1b77a6d1ae49c41ee9cc -> 
  custom:scripting/monoscript/fileName/TMP_TextElement_Legacy.cs: 6e11e173cb695b15e8cce3cd1e1cb2a7 -> 
  custom:scripting/monoscript/fileName/TMP_TextUtilities.cs: aab2855e68416a0a1f2f8904059662aa -> 
  custom:scripting/monoscript/fileName/TMP_Compatibility.cs: 3ef1f12d3c823dd740c7c596ab076c61 -> 
  custom:scripting/monoscript/fileName/TextContainer.cs: 245c032a15fbc12850861c707e37b027 -> 
  custom:scripting/monoscript/fileName/TMP_Dropdown.cs: ecea2f8babcb40d207d2e73158251f60 -> 
  custom:scripting/monoscript/fileName/TMP_BaseShaderGUI.cs: 25118693f24c47c8a4b530b8bff26574 -> 
  custom:scripting/monoscript/fileName/TMP_ColorGradient.cs: 8d91c7c4749088eca69648d37a965bf8 -> 
  custom:scripting/monoscript/fileName/TMP_CharacterInfo.cs: c840ce0b0aa6c1faafb27b3b884b2328 -> 
  custom:scripting/monoscript/fileName/TMP_ColorGradientEditor.cs: ed654c9d45026a5f71e6e9535130c15f -> 
  custom:scripting/monoscript/fileName/TMP_PreBuildProcessor.cs: 790c12dcd4980aa978fd28fb6f89fb37 -> 
  custom:scripting/monoscript/fileName/TMP_EditorResourceManager.cs: f56b80268a934198a76acc6f4cef503c -> 
  custom:scripting/monoscript/fileName/TMPro_FontAssetCreatorWindow.cs: 0d0900483ed9b57d4ccc2ff58d1220b3 -> 
  custom:SearchIndexIgnoredProperties: e643bd26f0fe6173181afceb89e7c659 -> 
  custom:scripting/monoscript/fileName/TMP_SpriteAssetImporter.cs: 675c97d72afe988872a20f51812f7cdf -> 
  custom:scripting/monoscript/fileName/TMP_Settings.cs: 68d1204aae2aa6d0a54c151b7af443e7 -> 
  custom:scripting/monoscript/fileName/TMP_SubMesh_Editor.cs: b381eb4c2ad4ef265088242d67c5b140 -> 
  custom:scripting/monoscript/fileName/TMP_SerializedPropertyHolder.cs: 99e5dbc1fa1abe750acc8166e4243be8 -> 
  custom:scripting/monoscript/fileName/TMPro_SortingLayerHelper.cs: 8b86ad735987eff6a1277352e9e8d9b6 -> 
  custom:scripting/monoscript/fileName/TMP_TextElement.cs: 5dfb95666bd41ecc32948097824aba23 -> 
  custom:scripting/monoscript/fileName/TMP_InputFieldEditor.cs: a6f05406e9cdb59679382b884c14216a -> 
  custom:scripting/monoscript/fileName/TMP_Text.cs: 5cba61e283281e8dbf7dadaabcd638dc -> 
  custom:container-demuxer-ogg: 62fdf1f143b41e24485cea50d1cbac27 -> 
  custom:scripting/monoscript/fileName/TMP_SpriteAssetEditor.cs: 8a42af05e85c0eed4128787976375b45 -> 
  custom:scripting/monoscript/fileName/TMP_ListPool.cs: 90647cc400823b41df847a6cbfc29026 -> 
  custom:scripting/monoscript/fileName/TMP_SpriteCharacterPropertyDrawer.cs: 14565b4e4f9266584dc3194fd967d252 -> 
  custom:AudioImporter_EditorPlatform: 3918e3fc78b5a79bad01e8451be0beb8 -> 
  custom:scripting/monoscript/fileName/TMP_StyleAssetMenu.cs: 60e7743122a0686d1131101c521adac6 -> 
  custom:CustomObjectIndexerAttribute: 9a22284fe3817be447336de3de66b15e -> 
  custom:scripting/monoscript/fileName/TMP_SpriteAssetImportFormats.cs: 920e3140228fbd530b0080254da22d88 -> 
  custom:scripting/monoscript/fileName/TMP_BitmapShaderGUI.cs: 2ce3ac811452d1d6d82e565157cac3e2 -> 
  custom:scripting/monoscript/fileName/TMP_MaterialManager.cs: 441d72ec3c04a8da6a351f60fff95465 -> 
  custom:scripting/monoscript/fileName/TMP_ColorGradientAssetMenu.cs: 83563be632f8167fcdca7878d36901f9 -> 
  custom:scripting/monoscript/fileName/TMP_SpriteAsset.cs: 8d06882cb45c7664f8d7c3079ee8757f -> 
  custom:scripting/monoscript/fileName/CombatManager.cs: 9e9415fa541f485f607a301095cbe791 -> 
  custom:scripting/monoscript/fileName/TMP_TextParsingUtilities.cs: 8b3fe20641ae0dd97405135955c706a3 -> 
  custom:scripting/monoscript/fileName/MaterialReferenceManager.cs: c970e86594a0f568cbda548f2d4462c1 -> 
  custom:scripting/monoscript/fileName/DropdownOptionListDrawer.cs: 4362475bc384312c771d88865ee2f40d -> 2b2ea9c97f9351f45324b7dd26de9002
  custom:scripting/monoscript/fileName/King.cs: 0e6bf450f886303abd9316ef88db0a9c -> 
  custom:scripting/monoscript/fileName/Card.cs: 42fd60fcba0cf1de339d217ecb9b80c4 -> 
  custom:scripting/monoscript/fileName/TMP_Character.cs: 015720458ea991fbf07357eae19532db -> 
  custom:scripting/monoscript/fileName/TMP_ResourcesManager.cs: 64252a073d41e9c6f4e95b5f68ac966c -> 
  custom:scripting/monoscript/fileName/TMPro_TexturePostProcessor.cs: 0750ad2b775120fa59f760172dc340ad -> 
  custom:scripting/monoscript/fileName/TMP_PostBuildProcessHandler.cs: c69b388004562ecb0f789fc3759d9651 -> 
  custom:scripting/monoscript/fileName/ITextPreProcessor.cs: a7aa94de5d5bfce2bdd74516315faaf2 -> 
  custom:scripting/monoscript/fileName/TMP_SubMesh.cs: 9fd75270af40187985e5c14cc85ebe42 -> 
  custom:scripting/monoscript/fileName/TMP_DropdownEditor.cs: 2d907ee76ef876797c15186180266847 -> 
  custom:scripting/monoscript/fileName/TMP_GlyphPropertyDrawer.cs: 56b500a16a5c8f635a7bfdd702279864 -> 
  custom:framework-osx-AVFoundation: e770b220cccbd017edd2c1fefb359320 -> 
  custom:scripting/precompiled-assembly-types:Unity.TextMeshPro: 59230975e8163396a463bd906828ec67 -> 
  custom:scripting/monoscript/fileName/Arrow.cs: ece85ba7bf475bfc1dcec008b433482f -> 
  custom:scripting/monoscript/fileName/TMP_PackageResourceImporter.cs: 949b6e7fa2132b400d5c4aaf9c34421a -> 
  custom:scripting/monoscript/fileName/TMP_EditorCoroutine.cs: 04cbf5ce6e541d98265aa7668ef82832 -> 
  custom:scripting/monoscript/fileName/TMP_SpriteGlyph.cs: cb4cdca5a4c6415e4f27ee5280164c41 -> 
  custom:scripting/monoscript/fileName/TMPro_EditorShaderUtilities.cs: f4cbef9348a73d49f1efb8d10ff07bf0 -> 
  custom:scripting/monoscript/fileName/TMP_CharacterPropertyDrawer.cs: ddc6f8909fdac3de9238e9b86e411c3e -> 
  custom:scripting/precompiled-assembly-types:Assembly-CSharp: 28fa9559ffc75b72d1dbba873ca40a03 -> 9bd7f8623f7bf0f4e634c2f7935829fd
  custom:scripting/monoscript/fileName/TMP_FontAssetEditor.cs: e359b61135381f6b1d7b8c7e97a930f3 -> 
  custom:scripting/monoscript/fileName/TMP_FontAsset_CreationMenu.cs: 1c5caeb31a0df734411a201aca87cb03 -> 
  custom:scripting/monoscript/fileName/TMP_CoroutineTween.cs: 76849b8d6d4ce499ad8ffee762e4a4af -> 
  custom:scripting/monoscript/fileName/TMP_Style.cs: ecc9948baa78373f3076151d1a0642d9 -> 
  custom:scripting/monoscript/fileName/TMP_ScrollbarEventHandler.cs: c015e39b5a3f1a14518ce039f30e10af -> 
  custom:scripting/monoscript/fileName/GlyphMetricsPropertyDrawer.cs: 438b07e6eae795dab04c32f51ac4e752 -> 
  custom:scripting/monoscript/fileName/TMP_StyleSheetEditor.cs: 38b210a450ac855df2d81ab0242c2feb -> 
  custom:scripting/monoscript/fileName/TMP_ObjectPool.cs: 90647cc400823b41df847a6cbfc29026 -> 
  custom:scripting/monoscript/fileName/TMP_EditorPanelUI.cs: 0c3fb43855adf1da22258c211d01a47d -> 
  custom:scripting/monoscript/fileName/TMP_SpriteAnimator.cs: bf3a797c3a059d3698e93e0031d7f11c -> 
  custom:scripting/monoscript/fileName/TMP_FontAssetUtilities.cs: 5b7a9bc9c5c56e3cb5ccc808a2bdd9e4 -> 
  custom:container-demuxer-webm: 4f35f7cbe854078d1ac9338744f61a02 -> 
  custom:scripting/monoscript/fileName/TMP_FontAsset.cs: 6c1db4680a96f294cf0af87a0b8099aa -> 
  custom:scripting/monoscript/fileName/TMP_SubMeshUI_Editor.cs: 119a633ce37cc27ac209988b5de61d96 -> 
  custom:scripting/monoscript/fileName/TextMeshPro.cs: 0cfab9de2f927cf0a5e3dc6276498acd -> 
  custom:container-muxer-webm: aa71ff27fc2769a1b78a27578f13a17b -> 
  custom:scripting/monoscript/fileName/TMP_TextProcessingStack.cs: 6146dd1b7f9b90aa342ef9794e387c23 -> 
  custom:scripting/monoscript/fileName/TMP_BaseEditorPanel.cs: f4b9967705e7bb57152fef4117417ba7 -> 
  custom:scripting/monoscript/fileName/TMP_InputValidator.cs: 5e0d679d98dae60baa87977011e0ed51 -> 
  custom:scripting/monoscript/fileName/TMP_InputField.cs: f7712ab842984f124274656d749eca3d -> 
  custom:scripting/monoscript/fileName/TMP_Sprite.cs: 0ee3c386846aa132dd254421fac18cd1 -> 
  custom:scripting/monoscript/fileName/TMP_DefaultControls.cs: 2673e29173eb9307fa53ee17c15332ed -> 
  custom:scripting/monoscript/fileName/TMP_ResourcesLoader.cs: 6f1f07799f3cfe795f955033c27f98ed -> 
  custom:scripting/monoscript/fileName/TMP_UIStyleManager.cs: 66d96f3fa9ea14a5a6ed3f92d3bbe0f1 -> 
  custom:scripting/monoscript/fileName/TextMeshProUGUI.cs: b783d06a82b0620f102e3253b4b9fc9b -> 
  custom:scripting/monoscript/fileName/TMP_StyleSheet.cs: de73099b6bd4b9281c92feedf1315618 -> 
  custom:scripting/monoscript/fileName/TMPro_Private.cs: 90647cc400823b41df847a6cbfc29026 -> 
  custom:scripting/monoscript/fileName/TMP_SelectionCaret.cs: d2a06fefe973175bffa10d62f788c481 -> 
  custom:scripting/monoscript/fileName/TMP_MeshInfo.cs: 89833651f7d905e51b340ec2afe531d1 -> 
  custom:scripting/monoscript/fileName/TMP_SpriteCharacter.cs: 81dc73ff0878d6528202f8be44877b26 -> 
  custom:scripting/monoscript/fileName/ActivateOnMousePress.cs: fb2537b56ea5dda887807344161c5301 -> 
========================================================================
Received Import Request.
  Time since last request: 3.800823 seconds.
  path: Assets/Scripts/Slingshot.cs
  artifactKey: Guid(86a5090a9184b477b93f01ab939d9361) Importer(815301076,1909f56bfc062723c751e8b465ee728b)
Start importing Assets/Scripts/Slingshot.cs using Guid(86a5090a9184b477b93f01ab939d9361) Importer(815301076,1909f56bfc062723c751e8b465ee728b) [PhysX] Initialized MultithreadedTaskDispatcher with 14 workers.
 -> (artifact id: 'a5d6e745b2f0539b3fef2d29a9240dbb') in 0.000828 seconds
Number of updated asset objects reloaded before import = 0
Number of asset objects unloaded after import = 0
========================================================================
Received Import Request.
  Time since last request: 6.984244 seconds.
  path: Assets/Scripts/Slingshot.cs
  artifactKey: Guid(86a5090a9184b477b93f01ab939d9361) Importer(815301076,1909f56bfc062723c751e8b465ee728b)
Start importing Assets/Scripts/Slingshot.cs using Guid(86a5090a9184b477b93f01ab939d9361) Importer(815301076,1909f56bfc062723c751e8b465ee728b) [PhysX] Initialized MultithreadedTaskDispatcher with 14 workers.
 -> (artifact id: 'a26adc1ebfb3182a3172f5e923348598') in 0.000302 seconds
Number of updated asset objects reloaded before import = 0
Number of asset objects unloaded after import = 0
========================================================================
Received Import Request.
  Time since last request: 100.548642 seconds.
  path: Assets/Scripts/Enums.cs
  artifactKey: Guid(ea731d5cb1937403396ee73721234a64) Importer(815301076,1909f56bfc062723c751e8b465ee728b)
Start importing Assets/Scripts/Enums.cs using Guid(ea731d5cb1937403396ee73721234a64) Importer(815301076,1909f56bfc062723c751e8b465ee728b) [PhysX] Initialized MultithreadedTaskDispatcher with 14 workers.
 -> (artifact id: 'e6225620cfd9c754badf3b38e517392a') in 0.000805 seconds
Number of updated asset objects reloaded before import = 0
Number of asset objects unloaded after import = 0
========================================================================
Received Import Request.
  Time since last request: 14.265540 seconds.
  path: Assets/Scripts/Enums.cs
  artifactKey: Guid(ea731d5cb1937403396ee73721234a64) Importer(815301076,1909f56bfc062723c751e8b465ee728b)
Start importing Assets/Scripts/Enums.cs using Guid(ea731d5cb1937403396ee73721234a64) Importer(815301076,1909f56bfc062723c751e8b465ee728b) [PhysX] Initialized MultithreadedTaskDispatcher with 14 workers.
 -> (artifact id: '51c0815e1427932ddcd10dfc2c1f2c5d') in 0.000391 seconds
Number of updated asset objects reloaded before import = 0
Number of asset objects unloaded after import = 0
========================================================================
Received Import Request.
  Time since last request: 38.343297 seconds.
  path: Assets/Scripts/Bird.cs
  artifactKey: Guid(b8108ddc5fcf34f509b04bbb375d9db5) Importer(815301076,1909f56bfc062723c751e8b465ee728b)
Start importing Assets/Scripts/Bird.cs using Guid(b8108ddc5fcf34f509b04bbb375d9db5) Importer(815301076,1909f56bfc062723c751e8b465ee728b) [PhysX] Initialized MultithreadedTaskDispatcher with 14 workers.
 -> (artifact id: '3d52ee2b055e59790b8f2305ef9d49a1') in 0.000330 seconds
Number of updated asset objects reloaded before import = 0
Number of asset objects unloaded after import = 0
========================================================================
Received Import Request.
  Time since last request: 13.192880 seconds.
  path: Assets/Scripts/Bird.cs
  artifactKey: Guid(b8108ddc5fcf34f509b04bbb375d9db5) Importer(815301076,1909f56bfc062723c751e8b465ee728b)
Start importing Assets/Scripts/Bird.cs using Guid(b8108ddc5fcf34f509b04bbb375d9db5) Importer(815301076,1909f56bfc062723c751e8b465ee728b) [PhysX] Initialized MultithreadedTaskDispatcher with 14 workers.
 -> (artifact id: 'c36ec42a648d958b4be3313d1c06bb22') in 0.000233 seconds
Number of updated asset objects reloaded before import = 0
Number of asset objects unloaded after import = 0
========================================================================
Received Import Request.
  Time since last request: 30.546870 seconds.
  path: Assets/Scripts/Constants.cs
  artifactKey: Guid(50572f32bb7b94076b4d1a990de69eb0) Importer(815301076,1909f56bfc062723c751e8b465ee728b)
Start importing Assets/Scripts/Constants.cs using Guid(50572f32bb7b94076b4d1a990de69eb0) Importer(815301076,1909f56bfc062723c751e8b465ee728b) [PhysX] Initialized MultithreadedTaskDispatcher with 14 workers.
 -> (artifact id: '7bb48fde7a03af8255b16c42ae94c2ff') in 0.000428 seconds
Number of updated asset objects reloaded before import = 0
Number of asset objects unloaded after import = 0
========================================================================
Received Import Request.
  Time since last request: 12.446022 seconds.
  path: Assets/Scripts/Constants.cs
  artifactKey: Guid(50572f32bb7b94076b4d1a990de69eb0) Importer(815301076,1909f56bfc062723c751e8b465ee728b)
Start importing Assets/Scripts/Constants.cs using Guid(50572f32bb7b94076b4d1a990de69eb0) Importer(815301076,1909f56bfc062723c751e8b465ee728b) [PhysX] Initialized MultithreadedTaskDispatcher with 14 workers.
 -> (artifact id: '35a38efbb3421a08f3d0ebd8ddd8b5a2') in 0.000284 seconds
Number of updated asset objects reloaded before import = 0
Number of asset objects unloaded after import = 0
========================================================================
Received Prepare
Caller must complete domain reload
Begin MonoManager ReloadAssembly
Thread 0x16eff7000 may have been prematurely finalized
- Loaded All Assemblies, in  0.171 seconds
Native extension for iOS target not found
Native extension for Android target not found
Native extension for OSXStandalone target not found
Native extension for WebGL target not found
Mono: successfully reloaded assembly
- Finished resetting the current domain, in  0.209 seconds
Domain Reload Profiling: 380ms
	BeginReloadAssembly (78ms)
		ExecutionOrderSort (0ms)
		DisableScriptedObjects (3ms)
		BackupInstance (0ms)
		ReleaseScriptingObjects (0ms)
		CreateAndSetChildDomain (22ms)
	RebuildCommonClasses (17ms)
	RebuildNativeTypeToScriptingClass (5ms)
	initialDomainReloadingComplete (12ms)
	LoadAllAssembliesAndSetupDomain (59ms)
		LoadAssemblies (81ms)
		RebuildTransferFunctionScriptingTraits (0ms)
		AnalyzeDomain (11ms)
			TypeCache.Refresh (8ms)
				TypeCache.ScanAssembly (4ms)
			ScanForSourceGeneratedMonoScriptInfo (1ms)
			ResolveRequiredComponents (1ms)
	FinalizeReload (209ms)
		ReleaseScriptCaches (0ms)
		RebuildScriptCaches (0ms)
		SetupLoadedEditorAssemblies (109ms)
			LogAssemblyErrors (0ms)
			InitializePlatformSupportModulesInManaged (15ms)
			SetLoadedEditorAssemblies (2ms)
			RefreshPlugins (0ms)
			BeforeProcessingInitializeOnLoad (16ms)
			ProcessInitializeOnLoadAttributes (66ms)
			ProcessInitializeOnLoadMethodAttributes (9ms)
			AfterProcessingInitializeOnLoad (1ms)
			EditorAssembliesLoaded (0ms)
		ExecutionOrderSort2 (0ms)
		AwakeInstancesAfterBackupRestoration (2ms)
Refreshing native plugins compatible for Editor in 0.11 ms, found 0 plugins.
Preloading 0 native plugins for Editor in 0.00 ms.
Unloading 442 Unused Serialized files (Serialized files now loaded: 0)
Unloading 7 unused Assets / (49.5 KB). Loaded Objects now: 934.
Memory consumption went from 258.4 MB to 258.3 MB.
Total: 1.959166 ms (FindLiveObjects: 0.031875 ms CreateObjectMapping: 0.007417 ms MarkObjects: 1.873625 ms  DeleteObjects: 0.045750 ms)

Prepare: number of updated asset objects reloaded= 0
AssetImportParameters requested are different than current active one (requested -> active):
  custom:video-encoder-webm-vp8: eb34c28f22e8b96e1ab97ce403110664 -> 
  custom:scripting/monoscript/fileName/TMP_ShaderUtilities.cs: 84a261643983e306d02445da38ed662f -> 
  custom:scripting/monoscript/fileName/TMP_SettingsEditor.cs: 56bf06371df7e13c5b8cc88becb89a4d -> 
  custom:video-decoder-webm-vp8: 9c59270c3fd7afecdb556c50c9e8de78 -> 
  custom:scripting/monoscript/fileName/TMP_UpdateRegistery.cs: 1f23864d29c3a03d22aa9b00a337cf78 -> 
  custom:scripting/monoscript/fileName/TMP_PackageUtilities.cs: 89e6e95503dd36070edf73e7aaab4557 -> 
  custom:scripting/monoscript/fileName/TMP_FontFeatureTable.cs: cbd25d300d7ed4d969d60cb9f98f2826 -> 
  custom:scripting/monoscript/fileName/TMP_FontAssetCommon.cs: 2b5f11ccf8aacaf9b5ea6564bf2b0d57 -> 
  custom:scripting/monoscript/fileName/TMP_SDFShaderGUI.cs: 1460619486eb6e8da302e26af5538aaa -> 
  custom:scripting/monoscript/fileName/TMP_RichTextTagsCommon.cs: 5462d55f8a9ad882f9a7f2d708a6978b -> 
  custom:scripting/monoscript/fileName/TMPro_ExtensionMethods.cs: 479bffcc157b89693ffc4c2ef2374861 -> 
  custom:scripting/monoscript/fileName/FastAction.cs: dfbe75b66b645b53472915ad2590af11 -> 
  custom:scripting/monoscript/fileName/TMPro_TextContainerEditor.cs: b2fbc5db24221a870c4de162a712cbfe -> 
  custom:scripting/precompiled-assembly-types:Unity.TextMeshPro.Editor: 46ffe279a7239cd1fb74eb9c5ab5b5d8 -> 
  custom:scripting/monoscript/fileName/TMPro_EventManager.cs: 4c7492301243f935f7a463360f91d217 -> 
  custom:scripting/monoscript/fileName/GlyphRectPropertyDrawer.cs: bdec415148eac17379112822c8814df5 -> 
  custom:scripting/monoscript/fileName/TMP_SubMeshUI.cs: 748262c65738bc5e1c553ae7a37a0c73 -> 
  custom:scripting/monoscript/fileName/TMP_GlyphPairAdjustmentRecordPropertyDrawer.cs: 1a07941369755af9e0a102a45e9058c5 -> 
  custom:scripting/monoscript/fileName/DOTweenModulePhysics.cs: 87f8974001cd2397421cfdcad1904e83 -> 
  custom:scripting/monoscript/fileName/TMP_FontFeaturesCommon.cs: 7d1db71d73353e7dd97f094c509882fa -> 
  custom:scripting/monoscript/fileName/TMP_LineInfo.cs: bb529d63c9723788bd7143f27cd69eaf -> 
  custom:scripting/monoscript/fileName/TMPro_UGUI_Private.cs: 90647cc400823b41df847a6cbfc29026 -> 
  custom:audio-decoder-ogg-vorbis: bf7c407c2cedff20999df2af8eb42d56 -> 
  custom:video-decoder-ogg-theora: a1e56fd34408186e4bbccfd4996cb3dc -> 
  custom:scripting/monoscript/fileName/TMP_UpdateManager.cs: fa7e71df671c5b3088b39753e4bbc70d -> 
  custom:scripting/monoscript/fileName/TMP_TextAlignmentDrawer.cs: 011b7908ef5eb5e9dea532c77e85c538 -> 
  custom:scripting/monoscript/fileName/TMP_EditorPanel.cs: 0631f68be4ca0623bf3e313ec9becbc9 -> 
  custom:scripting/monoscript/fileName/Bird.cs: e73883e3c608f9f4405c747d42231788 -> 
  custom:scripting/precompiled-assembly-types:DOTweenUpgradeManager: 16e542c52fa73d4cbcd5cf54d161ea3b -> 
  custom:scripting/monoscript/fileName/TMP_EditorUtility.cs: b242106620cbbc38f0411146a086b885 -> 
  custom:scripting/monoscript/fileName/TMPro_CreateObjectMenu.cs: ddee59388caa7a56693342f3a805d427 -> 
  custom:scripting/monoscript/fileName/TMPro_ContextMenus.cs: 06b3d4b27f337b8d846ca7117f3251e1 -> 
  custom:scripting/monoscript/fileName/TMP_SpriteGlyphPropertyDrawer.cs: 1447c7afab82cf56bc359d5c7fba114e -> 
  custom:scripting/monoscript/fileName/TMP_Asset.cs: 7e95c8d89188057bea8fc9569c9aa309 -> 
  custom:scripting/monoscript/fileName/Slingshot.cs: 5430d2c2acfd1eabc16bf38be6a5235e -> 
  custom:scripting/monoscript/fileName/TMP_TextInfo.cs: 9e4eb698c4c168829682cbe659418e8f -> 
  custom:scripting/monoscript/fileName/TMPro_MeshUtilities.cs: 2237d160e4d9e81a7d899dc235029cb3 -> 
  custom:audio-encoder-webm-vorbis: bf7c407c2cedff20999df2af8eb42d56 -> 
  custom:scripting/monoscript/fileName/TMP_SpriteAssetMenu.cs: 05ea7b84320d1b77a6d1ae49c41ee9cc -> 
  custom:scripting/monoscript/fileName/TMP_TextElement_Legacy.cs: 6e11e173cb695b15e8cce3cd1e1cb2a7 -> 
  custom:scripting/monoscript/fileName/TMP_TextUtilities.cs: aab2855e68416a0a1f2f8904059662aa -> 
  custom:scripting/monoscript/fileName/TMP_Compatibility.cs: 3ef1f12d3c823dd740c7c596ab076c61 -> 
  custom:scripting/monoscript/fileName/TextContainer.cs: 245c032a15fbc12850861c707e37b027 -> 
  custom:scripting/monoscript/fileName/TMP_Dropdown.cs: ecea2f8babcb40d207d2e73158251f60 -> 
  custom:scripting/monoscript/fileName/TMP_BaseShaderGUI.cs: 25118693f24c47c8a4b530b8bff26574 -> 
  custom:scripting/monoscript/fileName/DOTweenModuleUnityVersion.cs: 5fda8b30fb2f0276062c9b201e3b53c4 -> 
  custom:scripting/monoscript/fileName/TMP_ColorGradient.cs: 8d91c7c4749088eca69648d37a965bf8 -> 
  custom:scripting/monoscript/fileName/Constants.cs: 1584b44394baa82ae7b8b5bc09a1664c -> 
  custom:scripting/monoscript/fileName/TMP_CharacterInfo.cs: c840ce0b0aa6c1faafb27b3b884b2328 -> 
  custom:scripting/monoscript/fileName/TMP_ColorGradientEditor.cs: ed654c9d45026a5f71e6e9535130c15f -> 
  custom:scripting/monoscript/fileName/TMP_PreBuildProcessor.cs: 790c12dcd4980aa978fd28fb6f89fb37 -> 
  custom:scripting/monoscript/fileName/TMP_EditorResourceManager.cs: f56b80268a934198a76acc6f4cef503c -> 
  custom:scripting/monoscript/fileName/TMPro_FontAssetCreatorWindow.cs: 0d0900483ed9b57d4ccc2ff58d1220b3 -> 
  custom:SearchIndexIgnoredProperties: e643bd26f0fe6173181afceb89e7c659 -> 
  custom:scripting/monoscript/fileName/DOTweenModuleUtils.cs: 34ad347c902a97803d1c13fe65e97957 -> 
  custom:scripting/monoscript/fileName/TMP_SpriteAssetImporter.cs: 675c97d72afe988872a20f51812f7cdf -> 
  custom:scripting/monoscript/fileName/TMP_Settings.cs: 68d1204aae2aa6d0a54c151b7af443e7 -> 
  custom:scripting/monoscript/fileName/TMP_SubMesh_Editor.cs: b381eb4c2ad4ef265088242d67c5b140 -> 
  custom:scripting/monoscript/fileName/TMP_SerializedPropertyHolder.cs: 99e5dbc1fa1abe750acc8166e4243be8 -> 
  custom:scripting/monoscript/fileName/TMPro_SortingLayerHelper.cs: 8b86ad735987eff6a1277352e9e8d9b6 -> 
  custom:scripting/monoscript/fileName/TMP_TextElement.cs: 5dfb95666bd41ecc32948097824aba23 -> 
  custom:scripting/monoscript/fileName/TMP_InputFieldEditor.cs: a6f05406e9cdb59679382b884c14216a -> 
  custom:scripting/monoscript/fileName/TMP_Text.cs: 5cba61e283281e8dbf7dadaabcd638dc -> 
  custom:container-demuxer-ogg: 62fdf1f143b41e24485cea50d1cbac27 -> 
  custom:scripting/monoscript/fileName/TMP_SpriteAssetEditor.cs: 8a42af05e85c0eed4128787976375b45 -> 
  custom:scripting/monoscript/fileName/TMP_ListPool.cs: 90647cc400823b41df847a6cbfc29026 -> 
  custom:scripting/monoscript/fileName/TMP_SpriteCharacterPropertyDrawer.cs: 14565b4e4f9266584dc3194fd967d252 -> 
  custom:AudioImporter_EditorPlatform: 3918e3fc78b5a79bad01e8451be0beb8 -> 
  custom:scripting/monoscript/fileName/DOTweenModuleUI.cs: 53c26b618f695b59a868eebdc97332ad -> 
  custom:scripting/monoscript/fileName/TMP_StyleAssetMenu.cs: 60e7743122a0686d1131101c521adac6 -> 
  custom:CustomObjectIndexerAttribute: 9a22284fe3817be447336de3de66b15e -> 
  custom:scripting/monoscript/fileName/TMP_SpriteAssetImportFormats.cs: 920e3140228fbd530b0080254da22d88 -> 
  custom:scripting/monoscript/fileName/TMP_BitmapShaderGUI.cs: 2ce3ac811452d1d6d82e565157cac3e2 -> 
  custom:scripting/monoscript/fileName/DOTweenModuleAudio.cs: 371877257ce39f5f0996ea556debbc8a -> 
  custom:scripting/monoscript/fileName/TMP_ColorGradientAssetMenu.cs: 83563be632f8167fcdca7878d36901f9 -> 
  custom:scripting/monoscript/fileName/TMP_MaterialManager.cs: 441d72ec3c04a8da6a351f60fff95465 -> 
  custom:scripting/monoscript/fileName/TMP_SpriteAsset.cs: 8d06882cb45c7664f8d7c3079ee8757f -> 
  custom:scripting/monoscript/fileName/CombatManager.cs: 9e9415fa541f485f607a301095cbe791 -> 
  custom:scripting/monoscript/fileName/TMP_TextParsingUtilities.cs: 8b3fe20641ae0dd97405135955c706a3 -> 
  custom:scripting/monoscript/fileName/DOTweenModulePhysics2D.cs: 63b0e5981d81d026672954b54596f5ae -> 
  custom:scripting/monoscript/fileName/MaterialReferenceManager.cs: c970e86594a0f568cbda548f2d4462c1 -> 
  custom:scripting/monoscript/fileName/DropdownOptionListDrawer.cs: 4362475bc384312c771d88865ee2f40d -> 2b2ea9c97f9351f45324b7dd26de9002
  custom:scripting/monoscript/fileName/King.cs: 0e6bf450f886303abd9316ef88db0a9c -> 
  custom:scripting/monoscript/fileName/Card.cs: 42fd60fcba0cf1de339d217ecb9b80c4 -> 
  custom:scripting/monoscript/fileName/TMP_Character.cs: 015720458ea991fbf07357eae19532db -> 
  custom:scripting/monoscript/fileName/TMP_ResourcesManager.cs: 64252a073d41e9c6f4e95b5f68ac966c -> 
  custom:scripting/monoscript/fileName/TMPro_TexturePostProcessor.cs: 0750ad2b775120fa59f760172dc340ad -> 
  custom:scripting/monoscript/fileName/TMP_PostBuildProcessHandler.cs: c69b388004562ecb0f789fc3759d9651 -> 
  custom:scripting/monoscript/fileName/ITextPreProcessor.cs: a7aa94de5d5bfce2bdd74516315faaf2 -> 
  custom:scripting/monoscript/fileName/TMP_SubMesh.cs: 9fd75270af40187985e5c14cc85ebe42 -> 
  custom:scripting/monoscript/fileName/TMP_DropdownEditor.cs: 2d907ee76ef876797c15186180266847 -> 
  custom:scripting/monoscript/fileName/TMP_GlyphPropertyDrawer.cs: 56b500a16a5c8f635a7bfdd702279864 -> 
  custom:framework-osx-AVFoundation: e770b220cccbd017edd2c1fefb359320 -> 
  custom:scripting/precompiled-assembly-types:Unity.TextMeshPro: 59230975e8163396a463bd906828ec67 -> 
  custom:scripting/monoscript/fileName/Arrow.cs: ece85ba7bf475bfc1dcec008b433482f -> 
  custom:scripting/monoscript/fileName/TMP_PackageResourceImporter.cs: 949b6e7fa2132b400d5c4aaf9c34421a -> 
  custom:scripting/monoscript/fileName/TMP_EditorCoroutine.cs: 04cbf5ce6e541d98265aa7668ef82832 -> 
  custom:scripting/monoscript/fileName/TMP_SpriteGlyph.cs: cb4cdca5a4c6415e4f27ee5280164c41 -> 
  custom:scripting/monoscript/fileName/TMPro_EditorShaderUtilities.cs: f4cbef9348a73d49f1efb8d10ff07bf0 -> 
  custom:scripting/precompiled-assembly-types:Assembly-CSharp-firstpass: c3b8ba213efe735b4b5ada0ee074dcb3 -> 
  custom:scripting/monoscript/fileName/TMP_CharacterPropertyDrawer.cs: ddc6f8909fdac3de9238e9b86e411c3e -> 
  custom:scripting/precompiled-assembly-types:Assembly-CSharp: f347620464db6c8ca12d428a92ccca99 -> 9bd7f8623f7bf0f4e634c2f7935829fd
  custom:scripting/monoscript/fileName/TMP_FontAssetEditor.cs: e359b61135381f6b1d7b8c7e97a930f3 -> 
  custom:scripting/monoscript/fileName/TMP_FontAsset_CreationMenu.cs: 1c5caeb31a0df734411a201aca87cb03 -> 
  custom:scripting/monoscript/fileName/TMP_CoroutineTween.cs: 76849b8d6d4ce499ad8ffee762e4a4af -> 
  custom:scripting/monoscript/fileName/TMP_Style.cs: ecc9948baa78373f3076151d1a0642d9 -> 
  custom:scripting/monoscript/fileName/TMP_ScrollbarEventHandler.cs: c015e39b5a3f1a14518ce039f30e10af -> 
  custom:scripting/monoscript/fileName/GlyphMetricsPropertyDrawer.cs: 438b07e6eae795dab04c32f51ac4e752 -> 
  custom:scripting/monoscript/fileName/TMP_StyleSheetEditor.cs: 38b210a450ac855df2d81ab0242c2feb -> 
  custom:scripting/monoscript/fileName/TMP_ObjectPool.cs: 90647cc400823b41df847a6cbfc29026 -> 
  custom:scripting/monoscript/fileName/TMP_EditorPanelUI.cs: 0c3fb43855adf1da22258c211d01a47d -> 
  custom:scripting/monoscript/fileName/TMP_SpriteAnimator.cs: bf3a797c3a059d3698e93e0031d7f11c -> 
  custom:scripting/monoscript/fileName/TMP_FontAssetUtilities.cs: 5b7a9bc9c5c56e3cb5ccc808a2bdd9e4 -> 
  custom:container-demuxer-webm: 4f35f7cbe854078d1ac9338744f61a02 -> 
  custom:scripting/monoscript/fileName/TMP_FontAsset.cs: 6c1db4680a96f294cf0af87a0b8099aa -> 
  custom:scripting/monoscript/fileName/TMP_SubMeshUI_Editor.cs: 119a633ce37cc27ac209988b5de61d96 -> 
  custom:scripting/monoscript/fileName/TextMeshPro.cs: 0cfab9de2f927cf0a5e3dc6276498acd -> 
  custom:container-muxer-webm: aa71ff27fc2769a1b78a27578f13a17b -> 
  custom:scripting/monoscript/fileName/TMP_TextProcessingStack.cs: 6146dd1b7f9b90aa342ef9794e387c23 -> 
  custom:scripting/monoscript/fileName/TMP_BaseEditorPanel.cs: f4b9967705e7bb57152fef4117417ba7 -> 
  custom:scripting/monoscript/fileName/TMP_InputValidator.cs: 5e0d679d98dae60baa87977011e0ed51 -> 
  custom:scripting/monoscript/fileName/TMP_InputField.cs: f7712ab842984f124274656d749eca3d -> 
  custom:scripting/monoscript/fileName/TMP_Sprite.cs: 0ee3c386846aa132dd254421fac18cd1 -> 
  custom:scripting/monoscript/fileName/DOTweenModuleSprite.cs: e35fb5eb1c483cffc283a374a5e25466 -> 
  custom:scripting/monoscript/fileName/TMP_DefaultControls.cs: 2673e29173eb9307fa53ee17c15332ed -> 
  custom:scripting/monoscript/fileName/TMP_ResourcesLoader.cs: 6f1f07799f3cfe795f955033c27f98ed -> 
  custom:scripting/monoscript/fileName/TMP_UIStyleManager.cs: 66d96f3fa9ea14a5a6ed3f92d3bbe0f1 -> 
  custom:scripting/monoscript/fileName/TextMeshProUGUI.cs: b783d06a82b0620f102e3253b4b9fc9b -> 
  custom:scripting/monoscript/fileName/TMP_StyleSheet.cs: de73099b6bd4b9281c92feedf1315618 -> 
  custom:scripting/monoscript/fileName/TMPro_Private.cs: 90647cc400823b41df847a6cbfc29026 -> 
  custom:scripting/monoscript/fileName/TMP_SelectionCaret.cs: d2a06fefe973175bffa10d62f788c481 -> 
  custom:scripting/monoscript/fileName/TMP_MeshInfo.cs: 89833651f7d905e51b340ec2afe531d1 -> 
  custom:scripting/monoscript/fileName/TMP_SpriteCharacter.cs: 81dc73ff0878d6528202f8be44877b26 -> 
  custom:scripting/monoscript/fileName/ActivateOnMousePress.cs: fb2537b56ea5dda887807344161c5301 -> 
  custom:scripting/precompiled-assembly-types:DOTween: 21631fe7085164ba8eadd9baa5b57d90 -> 
  custom:scripting/precompiled-assembly-types:DOTweenEditor: 1efdf497b099e4e6944f0dd7fb28c744 -> 
========================================================================
Received Prepare
Caller must complete domain reload
Begin MonoManager ReloadAssembly
Thread 0x16eff7000 may have been prematurely finalized
- Loaded All Assemblies, in  0.146 seconds
Native extension for iOS target not found
Native extension for Android target not found
Native extension for OSXStandalone target not found
Native extension for WebGL target not found
Mono: successfully reloaded assembly
- Finished resetting the current domain, in  0.178 seconds
Domain Reload Profiling: 324ms
	BeginReloadAssembly (56ms)
		ExecutionOrderSort (0ms)
		DisableScriptedObjects (2ms)
		BackupInstance (0ms)
		ReleaseScriptingObjects (0ms)
		CreateAndSetChildDomain (14ms)
	RebuildCommonClasses (17ms)
	RebuildNativeTypeToScriptingClass (5ms)
	initialDomainReloadingComplete (9ms)
	LoadAllAssembliesAndSetupDomain (59ms)
		LoadAssemblies (71ms)
		RebuildTransferFunctionScriptingTraits (0ms)
		AnalyzeDomain (11ms)
			TypeCache.Refresh (8ms)
				TypeCache.ScanAssembly (4ms)
			ScanForSourceGeneratedMonoScriptInfo (1ms)
			ResolveRequiredComponents (1ms)
	FinalizeReload (178ms)
		ReleaseScriptCaches (0ms)
		RebuildScriptCaches (0ms)
		SetupLoadedEditorAssemblies (100ms)
			LogAssemblyErrors (0ms)
			InitializePlatformSupportModulesInManaged (14ms)
			SetLoadedEditorAssemblies (1ms)
			RefreshPlugins (0ms)
			BeforeProcessingInitializeOnLoad (16ms)
			ProcessInitializeOnLoadAttributes (60ms)
			ProcessInitializeOnLoadMethodAttributes (8ms)
			AfterProcessingInitializeOnLoad (1ms)
			EditorAssembliesLoaded (0ms)
		ExecutionOrderSort2 (0ms)
		AwakeInstancesAfterBackupRestoration (2ms)
Refreshing native plugins compatible for Editor in 0.10 ms, found 0 plugins.
Preloading 0 native plugins for Editor in 0.00 ms.
Unloading 443 Unused Serialized files (Serialized files now loaded: 0)
Unloading 7 unused Assets / (49.4 KB). Loaded Objects now: 934.
Memory consumption went from 264.6 MB to 264.6 MB.
Total: 1.459625 ms (FindLiveObjects: 0.034542 ms CreateObjectMapping: 0.007333 ms MarkObjects: 1.380042 ms  DeleteObjects: 0.037333 ms)

Prepare: number of updated asset objects reloaded= 0
AssetImportParameters requested are different than current active one (requested -> active):
  custom:video-encoder-webm-vp8: eb34c28f22e8b96e1ab97ce403110664 -> 
  custom:scripting/monoscript/fileName/TMP_ShaderUtilities.cs: 84a261643983e306d02445da38ed662f -> 
  custom:scripting/monoscript/fileName/TMP_SettingsEditor.cs: 56bf06371df7e13c5b8cc88becb89a4d -> 
  custom:video-decoder-webm-vp8: 9c59270c3fd7afecdb556c50c9e8de78 -> 
  custom:scripting/monoscript/fileName/TMP_UpdateRegistery.cs: 1f23864d29c3a03d22aa9b00a337cf78 -> 
  custom:scripting/monoscript/fileName/TMP_PackageUtilities.cs: 89e6e95503dd36070edf73e7aaab4557 -> 
  custom:scripting/monoscript/fileName/TMP_FontFeatureTable.cs: cbd25d300d7ed4d969d60cb9f98f2826 -> 
  custom:scripting/monoscript/fileName/TMP_FontAssetCommon.cs: 2b5f11ccf8aacaf9b5ea6564bf2b0d57 -> 
  custom:scripting/monoscript/fileName/TMP_SDFShaderGUI.cs: 1460619486eb6e8da302e26af5538aaa -> 
  custom:scripting/monoscript/fileName/TMP_RichTextTagsCommon.cs: 5462d55f8a9ad882f9a7f2d708a6978b -> 
  custom:scripting/monoscript/fileName/TMPro_ExtensionMethods.cs: 479bffcc157b89693ffc4c2ef2374861 -> 
  custom:scripting/monoscript/fileName/FastAction.cs: dfbe75b66b645b53472915ad2590af11 -> 
  custom:scripting/monoscript/fileName/TMPro_TextContainerEditor.cs: b2fbc5db24221a870c4de162a712cbfe -> 
  custom:scripting/precompiled-assembly-types:Unity.TextMeshPro.Editor: 46ffe279a7239cd1fb74eb9c5ab5b5d8 -> 
  custom:scripting/monoscript/fileName/TMPro_EventManager.cs: 4c7492301243f935f7a463360f91d217 -> 
  custom:scripting/monoscript/fileName/GlyphRectPropertyDrawer.cs: bdec415148eac17379112822c8814df5 -> 
  custom:scripting/monoscript/fileName/TMP_SubMeshUI.cs: 748262c65738bc5e1c553ae7a37a0c73 -> 
  custom:scripting/monoscript/fileName/TMP_GlyphPairAdjustmentRecordPropertyDrawer.cs: 1a07941369755af9e0a102a45e9058c5 -> 
  custom:scripting/monoscript/fileName/DOTweenModulePhysics.cs: 87f8974001cd2397421cfdcad1904e83 -> 
  custom:scripting/monoscript/fileName/TMP_FontFeaturesCommon.cs: 7d1db71d73353e7dd97f094c509882fa -> 
  custom:scripting/monoscript/fileName/TMP_LineInfo.cs: bb529d63c9723788bd7143f27cd69eaf -> 
  custom:scripting/monoscript/fileName/TMPro_UGUI_Private.cs: 90647cc400823b41df847a6cbfc29026 -> 
  custom:audio-decoder-ogg-vorbis: bf7c407c2cedff20999df2af8eb42d56 -> 
  custom:video-decoder-ogg-theora: a1e56fd34408186e4bbccfd4996cb3dc -> 
  custom:scripting/monoscript/fileName/TMP_UpdateManager.cs: fa7e71df671c5b3088b39753e4bbc70d -> 
  custom:scripting/monoscript/fileName/TMP_TextAlignmentDrawer.cs: 011b7908ef5eb5e9dea532c77e85c538 -> 
  custom:scripting/monoscript/fileName/TMP_EditorPanel.cs: 0631f68be4ca0623bf3e313ec9becbc9 -> 
  custom:scripting/monoscript/fileName/Bird.cs: e73883e3c608f9f4405c747d42231788 -> 
  custom:scripting/precompiled-assembly-types:DOTweenUpgradeManager: 16e542c52fa73d4cbcd5cf54d161ea3b -> 
  custom:scripting/monoscript/fileName/TMP_EditorUtility.cs: b242106620cbbc38f0411146a086b885 -> 
  custom:scripting/monoscript/fileName/TMPro_CreateObjectMenu.cs: ddee59388caa7a56693342f3a805d427 -> 
  custom:scripting/monoscript/fileName/TMPro_ContextMenus.cs: 06b3d4b27f337b8d846ca7117f3251e1 -> 
  custom:scripting/monoscript/fileName/TMP_SpriteGlyphPropertyDrawer.cs: 1447c7afab82cf56bc359d5c7fba114e -> 
  custom:scripting/monoscript/fileName/TMP_Asset.cs: 7e95c8d89188057bea8fc9569c9aa309 -> 
  custom:scripting/monoscript/fileName/Slingshot.cs: 5430d2c2acfd1eabc16bf38be6a5235e -> 
  custom:scripting/monoscript/fileName/TMP_TextInfo.cs: 9e4eb698c4c168829682cbe659418e8f -> 
  custom:scripting/monoscript/fileName/TMPro_MeshUtilities.cs: 2237d160e4d9e81a7d899dc235029cb3 -> 
  custom:audio-encoder-webm-vorbis: bf7c407c2cedff20999df2af8eb42d56 -> 
  custom:scripting/monoscript/fileName/TMP_SpriteAssetMenu.cs: 05ea7b84320d1b77a6d1ae49c41ee9cc -> 
  custom:scripting/monoscript/fileName/TMP_TextElement_Legacy.cs: 6e11e173cb695b15e8cce3cd1e1cb2a7 -> 
  custom:scripting/monoscript/fileName/TMP_TextUtilities.cs: aab2855e68416a0a1f2f8904059662aa -> 
  custom:scripting/monoscript/fileName/TMP_Compatibility.cs: 3ef1f12d3c823dd740c7c596ab076c61 -> 
  custom:scripting/monoscript/fileName/TextContainer.cs: 245c032a15fbc12850861c707e37b027 -> 
  custom:scripting/monoscript/fileName/TMP_Dropdown.cs: ecea2f8babcb40d207d2e73158251f60 -> 
  custom:scripting/monoscript/fileName/TMP_BaseShaderGUI.cs: 25118693f24c47c8a4b530b8bff26574 -> 
  custom:scripting/monoscript/fileName/DOTweenModuleUnityVersion.cs: 5fda8b30fb2f0276062c9b201e3b53c4 -> 
  custom:scripting/monoscript/fileName/TMP_ColorGradient.cs: 8d91c7c4749088eca69648d37a965bf8 -> 
  custom:scripting/monoscript/fileName/Constants.cs: 1584b44394baa82ae7b8b5bc09a1664c -> 
  custom:scripting/monoscript/fileName/TMP_CharacterInfo.cs: c840ce0b0aa6c1faafb27b3b884b2328 -> 
  custom:scripting/monoscript/fileName/TMP_ColorGradientEditor.cs: ed654c9d45026a5f71e6e9535130c15f -> 
  custom:scripting/monoscript/fileName/TMP_PreBuildProcessor.cs: 790c12dcd4980aa978fd28fb6f89fb37 -> 
  custom:scripting/monoscript/fileName/TMP_EditorResourceManager.cs: f56b80268a934198a76acc6f4cef503c -> 
  custom:scripting/monoscript/fileName/TMPro_FontAssetCreatorWindow.cs: 0d0900483ed9b57d4ccc2ff58d1220b3 -> 
  custom:SearchIndexIgnoredProperties: e643bd26f0fe6173181afceb89e7c659 -> 
  custom:scripting/monoscript/fileName/DOTweenModuleUtils.cs: 34ad347c902a97803d1c13fe65e97957 -> 
  custom:scripting/monoscript/fileName/TMP_SpriteAssetImporter.cs: 675c97d72afe988872a20f51812f7cdf -> 
  custom:scripting/monoscript/fileName/TMP_Settings.cs: 68d1204aae2aa6d0a54c151b7af443e7 -> 
  custom:scripting/monoscript/fileName/TMP_SubMesh_Editor.cs: b381eb4c2ad4ef265088242d67c5b140 -> 
  custom:scripting/monoscript/fileName/TMP_SerializedPropertyHolder.cs: 99e5dbc1fa1abe750acc8166e4243be8 -> 
  custom:scripting/monoscript/fileName/TMPro_SortingLayerHelper.cs: 8b86ad735987eff6a1277352e9e8d9b6 -> 
  custom:scripting/monoscript/fileName/TMP_TextElement.cs: 5dfb95666bd41ecc32948097824aba23 -> 
  custom:scripting/monoscript/fileName/TMP_InputFieldEditor.cs: a6f05406e9cdb59679382b884c14216a -> 
  custom:scripting/monoscript/fileName/TMP_Text.cs: 5cba61e283281e8dbf7dadaabcd638dc -> 
  custom:container-demuxer-ogg: 62fdf1f143b41e24485cea50d1cbac27 -> 
  custom:scripting/monoscript/fileName/TMP_SpriteAssetEditor.cs: 8a42af05e85c0eed4128787976375b45 -> 
  custom:scripting/monoscript/fileName/TMP_ListPool.cs: 90647cc400823b41df847a6cbfc29026 -> 
  custom:scripting/monoscript/fileName/TMP_SpriteCharacterPropertyDrawer.cs: 14565b4e4f9266584dc3194fd967d252 -> 
  custom:AudioImporter_EditorPlatform: 3918e3fc78b5a79bad01e8451be0beb8 -> 
  custom:scripting/monoscript/fileName/DOTweenModuleUI.cs: 53c26b618f695b59a868eebdc97332ad -> 
  custom:scripting/monoscript/fileName/TMP_StyleAssetMenu.cs: 60e7743122a0686d1131101c521adac6 -> 
  custom:CustomObjectIndexerAttribute: 9a22284fe3817be447336de3de66b15e -> 
  custom:scripting/monoscript/fileName/TMP_SpriteAssetImportFormats.cs: 920e3140228fbd530b0080254da22d88 -> 
  custom:scripting/monoscript/fileName/TMP_BitmapShaderGUI.cs: 2ce3ac811452d1d6d82e565157cac3e2 -> 
  custom:scripting/monoscript/fileName/DOTweenModuleAudio.cs: 371877257ce39f5f0996ea556debbc8a -> 
  custom:scripting/monoscript/fileName/TMP_ColorGradientAssetMenu.cs: 83563be632f8167fcdca7878d36901f9 -> 
  custom:scripting/monoscript/fileName/TMP_MaterialManager.cs: 441d72ec3c04a8da6a351f60fff95465 -> 
  custom:scripting/monoscript/fileName/TMP_SpriteAsset.cs: 8d06882cb45c7664f8d7c3079ee8757f -> 
  custom:scripting/monoscript/fileName/CombatManager.cs: 9e9415fa541f485f607a301095cbe791 -> 
  custom:scripting/monoscript/fileName/TMP_TextParsingUtilities.cs: 8b3fe20641ae0dd97405135955c706a3 -> 
  custom:scripting/monoscript/fileName/DOTweenModulePhysics2D.cs: 63b0e5981d81d026672954b54596f5ae -> 
  custom:scripting/monoscript/fileName/MaterialReferenceManager.cs: c970e86594a0f568cbda548f2d4462c1 -> 
  custom:scripting/monoscript/fileName/DropdownOptionListDrawer.cs: 4362475bc384312c771d88865ee2f40d -> 2b2ea9c97f9351f45324b7dd26de9002
  custom:scripting/monoscript/fileName/King.cs: 0e6bf450f886303abd9316ef88db0a9c -> 
  custom:scripting/monoscript/fileName/Card.cs: 42fd60fcba0cf1de339d217ecb9b80c4 -> 
  custom:scripting/monoscript/fileName/TMP_Character.cs: 015720458ea991fbf07357eae19532db -> 
  custom:scripting/monoscript/fileName/TMP_ResourcesManager.cs: 64252a073d41e9c6f4e95b5f68ac966c -> 
  custom:scripting/monoscript/fileName/TMPro_TexturePostProcessor.cs: 0750ad2b775120fa59f760172dc340ad -> 
  custom:scripting/monoscript/fileName/TMP_PostBuildProcessHandler.cs: c69b388004562ecb0f789fc3759d9651 -> 
  custom:scripting/monoscript/fileName/ITextPreProcessor.cs: a7aa94de5d5bfce2bdd74516315faaf2 -> 
  custom:scripting/monoscript/fileName/TMP_SubMesh.cs: 9fd75270af40187985e5c14cc85ebe42 -> 
  custom:scripting/monoscript/fileName/TMP_DropdownEditor.cs: 2d907ee76ef876797c15186180266847 -> 
  custom:scripting/monoscript/fileName/TMP_GlyphPropertyDrawer.cs: 56b500a16a5c8f635a7bfdd702279864 -> 
  custom:framework-osx-AVFoundation: e770b220cccbd017edd2c1fefb359320 -> 
  custom:scripting/precompiled-assembly-types:Unity.TextMeshPro: 59230975e8163396a463bd906828ec67 -> 
  custom:scripting/monoscript/fileName/Arrow.cs: ece85ba7bf475bfc1dcec008b433482f -> 
  custom:scripting/monoscript/fileName/TMP_PackageResourceImporter.cs: 949b6e7fa2132b400d5c4aaf9c34421a -> 
  custom:scripting/monoscript/fileName/TMP_EditorCoroutine.cs: 04cbf5ce6e541d98265aa7668ef82832 -> 
  custom:scripting/monoscript/fileName/TMP_SpriteGlyph.cs: cb4cdca5a4c6415e4f27ee5280164c41 -> 
  custom:scripting/monoscript/fileName/TMPro_EditorShaderUtilities.cs: f4cbef9348a73d49f1efb8d10ff07bf0 -> 
  custom:scripting/precompiled-assembly-types:Assembly-CSharp-firstpass: c3b8ba213efe735b4b5ada0ee074dcb3 -> 
  custom:scripting/monoscript/fileName/TMP_CharacterPropertyDrawer.cs: ddc6f8909fdac3de9238e9b86e411c3e -> 
  custom:scripting/precompiled-assembly-types:Assembly-CSharp: f347620464db6c8ca12d428a92ccca99 -> 9bd7f8623f7bf0f4e634c2f7935829fd
  custom:scripting/monoscript/fileName/TMP_FontAssetEditor.cs: e359b61135381f6b1d7b8c7e97a930f3 -> 
  custom:scripting/monoscript/fileName/TMP_FontAsset_CreationMenu.cs: 1c5caeb31a0df734411a201aca87cb03 -> 
  custom:scripting/monoscript/fileName/TMP_CoroutineTween.cs: 76849b8d6d4ce499ad8ffee762e4a4af -> 
  custom:scripting/monoscript/fileName/TMP_Style.cs: ecc9948baa78373f3076151d1a0642d9 -> 
  custom:scripting/monoscript/fileName/TMP_ScrollbarEventHandler.cs: c015e39b5a3f1a14518ce039f30e10af -> 
  custom:scripting/monoscript/fileName/GlyphMetricsPropertyDrawer.cs: 438b07e6eae795dab04c32f51ac4e752 -> 
  custom:scripting/monoscript/fileName/TMP_StyleSheetEditor.cs: 38b210a450ac855df2d81ab0242c2feb -> 
  custom:scripting/monoscript/fileName/TMP_ObjectPool.cs: 90647cc400823b41df847a6cbfc29026 -> 
  custom:scripting/monoscript/fileName/TMP_EditorPanelUI.cs: 0c3fb43855adf1da22258c211d01a47d -> 
  custom:scripting/monoscript/fileName/TMP_SpriteAnimator.cs: bf3a797c3a059d3698e93e0031d7f11c -> 
  custom:scripting/monoscript/fileName/TMP_FontAssetUtilities.cs: 5b7a9bc9c5c56e3cb5ccc808a2bdd9e4 -> 
  custom:container-demuxer-webm: 4f35f7cbe854078d1ac9338744f61a02 -> 
  custom:scripting/monoscript/fileName/TMP_FontAsset.cs: 6c1db4680a96f294cf0af87a0b8099aa -> 
  custom:scripting/monoscript/fileName/TMP_SubMeshUI_Editor.cs: 119a633ce37cc27ac209988b5de61d96 -> 
  custom:scripting/monoscript/fileName/TextMeshPro.cs: 0cfab9de2f927cf0a5e3dc6276498acd -> 
  custom:container-muxer-webm: aa71ff27fc2769a1b78a27578f13a17b -> 
  custom:scripting/monoscript/fileName/TMP_TextProcessingStack.cs: 6146dd1b7f9b90aa342ef9794e387c23 -> 
  custom:scripting/monoscript/fileName/TMP_BaseEditorPanel.cs: f4b9967705e7bb57152fef4117417ba7 -> 
  custom:scripting/monoscript/fileName/TMP_InputValidator.cs: 5e0d679d98dae60baa87977011e0ed51 -> 
  custom:scripting/monoscript/fileName/TMP_InputField.cs: f7712ab842984f124274656d749eca3d -> 
  custom:scripting/monoscript/fileName/TMP_Sprite.cs: 0ee3c386846aa132dd254421fac18cd1 -> 
  custom:scripting/monoscript/fileName/DOTweenModuleSprite.cs: e35fb5eb1c483cffc283a374a5e25466 -> 
  custom:scripting/monoscript/fileName/TMP_DefaultControls.cs: 2673e29173eb9307fa53ee17c15332ed -> 
  custom:scripting/monoscript/fileName/TMP_ResourcesLoader.cs: 6f1f07799f3cfe795f955033c27f98ed -> 
  custom:scripting/monoscript/fileName/TMP_UIStyleManager.cs: 66d96f3fa9ea14a5a6ed3f92d3bbe0f1 -> 
  custom:scripting/monoscript/fileName/TextMeshProUGUI.cs: b783d06a82b0620f102e3253b4b9fc9b -> 
  custom:scripting/monoscript/fileName/TMP_StyleSheet.cs: de73099b6bd4b9281c92feedf1315618 -> 
  custom:scripting/monoscript/fileName/TMPro_Private.cs: 90647cc400823b41df847a6cbfc29026 -> 
  custom:scripting/monoscript/fileName/TMP_SelectionCaret.cs: d2a06fefe973175bffa10d62f788c481 -> 
  custom:scripting/monoscript/fileName/TMP_MeshInfo.cs: 89833651f7d905e51b340ec2afe531d1 -> 
  custom:scripting/monoscript/fileName/TMP_SpriteCharacter.cs: 81dc73ff0878d6528202f8be44877b26 -> 
  custom:scripting/monoscript/fileName/ActivateOnMousePress.cs: fb2537b56ea5dda887807344161c5301 -> 
  custom:scripting/precompiled-assembly-types:DOTween: 21631fe7085164ba8eadd9baa5b57d90 -> 
  custom:scripting/precompiled-assembly-types:DOTweenEditor: 1efdf497b099e4e6944f0dd7fb28c744 -> 
========================================================================
Received Prepare
Caller must complete domain reload
Begin MonoManager ReloadAssembly
Thread 0x16eff7000 may have been prematurely finalized
- Loaded All Assemblies, in  0.147 seconds
Native extension for iOS target not found
Native extension for Android target not found
Native extension for OSXStandalone target not found
Native extension for WebGL target not found
Mono: successfully reloaded assembly
- Finished resetting the current domain, in  0.191 seconds
Domain Reload Profiling: 339ms
	BeginReloadAssembly (58ms)
		ExecutionOrderSort (0ms)
		DisableScriptedObjects (2ms)
		BackupInstance (0ms)
		ReleaseScriptingObjects (0ms)
		CreateAndSetChildDomain (15ms)
	RebuildCommonClasses (17ms)
	RebuildNativeTypeToScriptingClass (5ms)
	initialDomainReloadingComplete (9ms)
	LoadAllAssembliesAndSetupDomain (58ms)
		LoadAssemblies (71ms)
		RebuildTransferFunctionScriptingTraits (0ms)
		AnalyzeDomain (10ms)
			TypeCache.Refresh (7ms)
				TypeCache.ScanAssembly (3ms)
			ScanForSourceGeneratedMonoScriptInfo (1ms)
			ResolveRequiredComponents (1ms)
	FinalizeReload (192ms)
		ReleaseScriptCaches (0ms)
		RebuildScriptCaches (0ms)
		SetupLoadedEditorAssemblies (100ms)
			LogAssemblyErrors (0ms)
			InitializePlatformSupportModulesInManaged (15ms)
			SetLoadedEditorAssemblies (2ms)
			RefreshPlugins (0ms)
			BeforeProcessingInitializeOnLoad (15ms)
			ProcessInitializeOnLoadAttributes (61ms)
			ProcessInitializeOnLoadMethodAttributes (8ms)
			AfterProcessingInitializeOnLoad (0ms)
			EditorAssembliesLoaded (0ms)
		ExecutionOrderSort2 (0ms)
		AwakeInstancesAfterBackupRestoration (2ms)
Refreshing native plugins compatible for Editor in 0.09 ms, found 0 plugins.
Preloading 0 native plugins for Editor in 0.00 ms.
Unloading 442 Unused Serialized files (Serialized files now loaded: 0)
Unloading 7 unused Assets / (50.0 KB). Loaded Objects now: 933.
Memory consumption went from 270.5 MB to 270.4 MB.
Total: 1.454834 ms (FindLiveObjects: 0.028125 ms CreateObjectMapping: 0.006917 ms MarkObjects: 1.384958 ms  DeleteObjects: 0.034500 ms)

Prepare: number of updated asset objects reloaded= 0
AssetImportParameters requested are different than current active one (requested -> active):
  custom:video-encoder-webm-vp8: eb34c28f22e8b96e1ab97ce403110664 -> 
  custom:scripting/monoscript/fileName/TMP_ShaderUtilities.cs: 84a261643983e306d02445da38ed662f -> 
  custom:scripting/monoscript/fileName/TMP_SettingsEditor.cs: 56bf06371df7e13c5b8cc88becb89a4d -> 
  custom:video-decoder-webm-vp8: 9c59270c3fd7afecdb556c50c9e8de78 -> 
  custom:scripting/monoscript/fileName/TMP_UpdateRegistery.cs: 1f23864d29c3a03d22aa9b00a337cf78 -> 
  custom:scripting/monoscript/fileName/TMP_PackageUtilities.cs: 89e6e95503dd36070edf73e7aaab4557 -> 
  custom:scripting/monoscript/fileName/TMP_FontFeatureTable.cs: cbd25d300d7ed4d969d60cb9f98f2826 -> 
  custom:scripting/monoscript/fileName/TMP_FontAssetCommon.cs: 2b5f11ccf8aacaf9b5ea6564bf2b0d57 -> 
  custom:scripting/monoscript/fileName/TMP_SDFShaderGUI.cs: 1460619486eb6e8da302e26af5538aaa -> 
  custom:scripting/monoscript/fileName/TMP_RichTextTagsCommon.cs: 5462d55f8a9ad882f9a7f2d708a6978b -> 
  custom:scripting/monoscript/fileName/TMPro_ExtensionMethods.cs: 479bffcc157b89693ffc4c2ef2374861 -> 
  custom:scripting/monoscript/fileName/FastAction.cs: dfbe75b66b645b53472915ad2590af11 -> 
  custom:scripting/monoscript/fileName/TMPro_TextContainerEditor.cs: b2fbc5db24221a870c4de162a712cbfe -> 
  custom:scripting/precompiled-assembly-types:Unity.TextMeshPro.Editor: 46ffe279a7239cd1fb74eb9c5ab5b5d8 -> 
  custom:scripting/monoscript/fileName/TMPro_EventManager.cs: 4c7492301243f935f7a463360f91d217 -> 
  custom:scripting/monoscript/fileName/GlyphRectPropertyDrawer.cs: bdec415148eac17379112822c8814df5 -> 
  custom:scripting/monoscript/fileName/TMP_SubMeshUI.cs: 748262c65738bc5e1c553ae7a37a0c73 -> 
  custom:scripting/monoscript/fileName/TMP_GlyphPairAdjustmentRecordPropertyDrawer.cs: 1a07941369755af9e0a102a45e9058c5 -> 
  custom:scripting/monoscript/fileName/DOTweenModulePhysics.cs: 87f8974001cd2397421cfdcad1904e83 -> 
  custom:scripting/monoscript/fileName/TMP_FontFeaturesCommon.cs: 7d1db71d73353e7dd97f094c509882fa -> 
  custom:scripting/monoscript/fileName/TMP_LineInfo.cs: bb529d63c9723788bd7143f27cd69eaf -> 
  custom:scripting/monoscript/fileName/TMPro_UGUI_Private.cs: 90647cc400823b41df847a6cbfc29026 -> 
  custom:audio-decoder-ogg-vorbis: bf7c407c2cedff20999df2af8eb42d56 -> 
  custom:video-decoder-ogg-theora: a1e56fd34408186e4bbccfd4996cb3dc -> 
  custom:scripting/monoscript/fileName/TMP_UpdateManager.cs: fa7e71df671c5b3088b39753e4bbc70d -> 
  custom:scripting/monoscript/fileName/TMP_TextAlignmentDrawer.cs: 011b7908ef5eb5e9dea532c77e85c538 -> 
  custom:scripting/monoscript/fileName/TMP_EditorPanel.cs: 0631f68be4ca0623bf3e313ec9becbc9 -> 
  custom:scripting/monoscript/fileName/Bird.cs: e73883e3c608f9f4405c747d42231788 -> 
  custom:scripting/monoscript/fileName/TMP_EditorUtility.cs: b242106620cbbc38f0411146a086b885 -> 
  custom:scripting/monoscript/fileName/TMPro_CreateObjectMenu.cs: ddee59388caa7a56693342f3a805d427 -> 
  custom:scripting/monoscript/fileName/TMPro_ContextMenus.cs: 06b3d4b27f337b8d846ca7117f3251e1 -> 
  custom:scripting/monoscript/fileName/TMP_SpriteGlyphPropertyDrawer.cs: 1447c7afab82cf56bc359d5c7fba114e -> 
  custom:scripting/monoscript/fileName/TMP_Asset.cs: 7e95c8d89188057bea8fc9569c9aa309 -> 
  custom:scripting/monoscript/fileName/Slingshot.cs: 5430d2c2acfd1eabc16bf38be6a5235e -> 
  custom:scripting/monoscript/fileName/TMP_TextInfo.cs: 9e4eb698c4c168829682cbe659418e8f -> 
  custom:scripting/monoscript/fileName/TMPro_MeshUtilities.cs: 2237d160e4d9e81a7d899dc235029cb3 -> 
  custom:audio-encoder-webm-vorbis: bf7c407c2cedff20999df2af8eb42d56 -> 
  custom:scripting/monoscript/fileName/TMP_SpriteAssetMenu.cs: 05ea7b84320d1b77a6d1ae49c41ee9cc -> 
  custom:scripting/monoscript/fileName/TMP_TextElement_Legacy.cs: 6e11e173cb695b15e8cce3cd1e1cb2a7 -> 
  custom:scripting/monoscript/fileName/TMP_TextUtilities.cs: aab2855e68416a0a1f2f8904059662aa -> 
  custom:scripting/monoscript/fileName/TMP_Compatibility.cs: 3ef1f12d3c823dd740c7c596ab076c61 -> 
  custom:scripting/monoscript/fileName/TextContainer.cs: 245c032a15fbc12850861c707e37b027 -> 
  custom:scripting/monoscript/fileName/TMP_Dropdown.cs: ecea2f8babcb40d207d2e73158251f60 -> 
  custom:scripting/monoscript/fileName/TMP_BaseShaderGUI.cs: 25118693f24c47c8a4b530b8bff26574 -> 
  custom:scripting/monoscript/fileName/DOTweenModuleUnityVersion.cs: 5fda8b30fb2f0276062c9b201e3b53c4 -> 
  custom:scripting/monoscript/fileName/TMP_ColorGradient.cs: 8d91c7c4749088eca69648d37a965bf8 -> 
  custom:scripting/monoscript/fileName/Constants.cs: 1584b44394baa82ae7b8b5bc09a1664c -> 
  custom:scripting/monoscript/fileName/TMP_CharacterInfo.cs: c840ce0b0aa6c1faafb27b3b884b2328 -> 
  custom:scripting/monoscript/fileName/TMP_ColorGradientEditor.cs: ed654c9d45026a5f71e6e9535130c15f -> 
  custom:scripting/monoscript/fileName/TMP_PreBuildProcessor.cs: 790c12dcd4980aa978fd28fb6f89fb37 -> 
  custom:scripting/monoscript/fileName/TMP_EditorResourceManager.cs: f56b80268a934198a76acc6f4cef503c -> 
  custom:scripting/monoscript/fileName/TMPro_FontAssetCreatorWindow.cs: 0d0900483ed9b57d4ccc2ff58d1220b3 -> 
  custom:SearchIndexIgnoredProperties: e643bd26f0fe6173181afceb89e7c659 -> 
  custom:scripting/monoscript/fileName/DOTweenModuleUtils.cs: 34ad347c902a97803d1c13fe65e97957 -> 
  custom:scripting/monoscript/fileName/TMP_SpriteAssetImporter.cs: 675c97d72afe988872a20f51812f7cdf -> 
  custom:scripting/monoscript/fileName/TMP_Settings.cs: 68d1204aae2aa6d0a54c151b7af443e7 -> 
  custom:scripting/monoscript/fileName/TMP_SubMesh_Editor.cs: b381eb4c2ad4ef265088242d67c5b140 -> 
  custom:scripting/monoscript/fileName/TMP_SerializedPropertyHolder.cs: 99e5dbc1fa1abe750acc8166e4243be8 -> 
  custom:scripting/monoscript/fileName/TMPro_SortingLayerHelper.cs: 8b86ad735987eff6a1277352e9e8d9b6 -> 
  custom:scripting/monoscript/fileName/TMP_TextElement.cs: 5dfb95666bd41ecc32948097824aba23 -> 
  custom:scripting/monoscript/fileName/TMP_InputFieldEditor.cs: a6f05406e9cdb59679382b884c14216a -> 
  custom:scripting/monoscript/fileName/TMP_Text.cs: 5cba61e283281e8dbf7dadaabcd638dc -> 
  custom:container-demuxer-ogg: 62fdf1f143b41e24485cea50d1cbac27 -> 
  custom:scripting/monoscript/fileName/TMP_SpriteAssetEditor.cs: 8a42af05e85c0eed4128787976375b45 -> 
  custom:scripting/monoscript/fileName/TMP_ListPool.cs: 90647cc400823b41df847a6cbfc29026 -> 
  custom:scripting/monoscript/fileName/TMP_SpriteCharacterPropertyDrawer.cs: 14565b4e4f9266584dc3194fd967d252 -> 
  custom:AudioImporter_EditorPlatform: 3918e3fc78b5a79bad01e8451be0beb8 -> 
  custom:scripting/monoscript/fileName/DOTweenModuleUI.cs: 53c26b618f695b59a868eebdc97332ad -> 
  custom:scripting/monoscript/fileName/TMP_StyleAssetMenu.cs: 60e7743122a0686d1131101c521adac6 -> 
  custom:CustomObjectIndexerAttribute: 9a22284fe3817be447336de3de66b15e -> 
  custom:scripting/monoscript/fileName/TMP_SpriteAssetImportFormats.cs: 920e3140228fbd530b0080254da22d88 -> 
  custom:scripting/monoscript/fileName/TMP_BitmapShaderGUI.cs: 2ce3ac811452d1d6d82e565157cac3e2 -> 
  custom:scripting/monoscript/fileName/DOTweenModuleAudio.cs: 371877257ce39f5f0996ea556debbc8a -> 
  custom:scripting/monoscript/fileName/TMP_ColorGradientAssetMenu.cs: 83563be632f8167fcdca7878d36901f9 -> 
  custom:scripting/monoscript/fileName/TMP_MaterialManager.cs: 441d72ec3c04a8da6a351f60fff95465 -> 
  custom:scripting/monoscript/fileName/TMP_SpriteAsset.cs: 8d06882cb45c7664f8d7c3079ee8757f -> 
  custom:scripting/monoscript/fileName/CombatManager.cs: 9e9415fa541f485f607a301095cbe791 -> 
  custom:scripting/monoscript/fileName/TMP_TextParsingUtilities.cs: 8b3fe20641ae0dd97405135955c706a3 -> 
  custom:scripting/monoscript/fileName/DOTweenModulePhysics2D.cs: 63b0e5981d81d026672954b54596f5ae -> 
  custom:scripting/monoscript/fileName/MaterialReferenceManager.cs: c970e86594a0f568cbda548f2d4462c1 -> 
  custom:scripting/monoscript/fileName/DropdownOptionListDrawer.cs: 4362475bc384312c771d88865ee2f40d -> 2b2ea9c97f9351f45324b7dd26de9002
  custom:scripting/monoscript/fileName/King.cs: 0e6bf450f886303abd9316ef88db0a9c -> 
  custom:scripting/monoscript/fileName/Card.cs: 42fd60fcba0cf1de339d217ecb9b80c4 -> 
  custom:scripting/monoscript/fileName/TMP_Character.cs: 015720458ea991fbf07357eae19532db -> 
  custom:scripting/monoscript/fileName/TMP_ResourcesManager.cs: 64252a073d41e9c6f4e95b5f68ac966c -> 
  custom:scripting/monoscript/fileName/TMPro_TexturePostProcessor.cs: 0750ad2b775120fa59f760172dc340ad -> 
  custom:scripting/monoscript/fileName/TMP_PostBuildProcessHandler.cs: c69b388004562ecb0f789fc3759d9651 -> 
  custom:scripting/monoscript/fileName/ITextPreProcessor.cs: a7aa94de5d5bfce2bdd74516315faaf2 -> 
  custom:scripting/monoscript/fileName/TMP_SubMesh.cs: 9fd75270af40187985e5c14cc85ebe42 -> 
  custom:scripting/monoscript/fileName/TMP_DropdownEditor.cs: 2d907ee76ef876797c15186180266847 -> 
  custom:scripting/monoscript/fileName/TMP_GlyphPropertyDrawer.cs: 56b500a16a5c8f635a7bfdd702279864 -> 
  custom:framework-osx-AVFoundation: e770b220cccbd017edd2c1fefb359320 -> 
  custom:scripting/precompiled-assembly-types:Unity.TextMeshPro: 59230975e8163396a463bd906828ec67 -> 
  custom:scripting/monoscript/fileName/Arrow.cs: ece85ba7bf475bfc1dcec008b433482f -> 
  custom:scripting/monoscript/fileName/TMP_PackageResourceImporter.cs: 949b6e7fa2132b400d5c4aaf9c34421a -> 
  custom:scripting/monoscript/fileName/TMP_EditorCoroutine.cs: 04cbf5ce6e541d98265aa7668ef82832 -> 
  custom:scripting/monoscript/fileName/TMP_SpriteGlyph.cs: cb4cdca5a4c6415e4f27ee5280164c41 -> 
  custom:scripting/monoscript/fileName/TMPro_EditorShaderUtilities.cs: f4cbef9348a73d49f1efb8d10ff07bf0 -> 
  custom:scripting/precompiled-assembly-types:Assembly-CSharp-firstpass: c3b8ba213efe735b4b5ada0ee074dcb3 -> 
  custom:scripting/monoscript/fileName/TMP_CharacterPropertyDrawer.cs: ddc6f8909fdac3de9238e9b86e411c3e -> 
  custom:scripting/precompiled-assembly-types:Assembly-CSharp: f347620464db6c8ca12d428a92ccca99 -> 9bd7f8623f7bf0f4e634c2f7935829fd
  custom:scripting/monoscript/fileName/TMP_FontAssetEditor.cs: e359b61135381f6b1d7b8c7e97a930f3 -> 
  custom:scripting/monoscript/fileName/TMP_FontAsset_CreationMenu.cs: 1c5caeb31a0df734411a201aca87cb03 -> 
  custom:scripting/monoscript/fileName/TMP_CoroutineTween.cs: 76849b8d6d4ce499ad8ffee762e4a4af -> 
  custom:scripting/monoscript/fileName/TMP_Style.cs: ecc9948baa78373f3076151d1a0642d9 -> 
  custom:scripting/monoscript/fileName/TMP_ScrollbarEventHandler.cs: c015e39b5a3f1a14518ce039f30e10af -> 
  custom:scripting/monoscript/fileName/GlyphMetricsPropertyDrawer.cs: 438b07e6eae795dab04c32f51ac4e752 -> 
  custom:scripting/monoscript/fileName/TMP_StyleSheetEditor.cs: 38b210a450ac855df2d81ab0242c2feb -> 
  custom:scripting/monoscript/fileName/TMP_ObjectPool.cs: 90647cc400823b41df847a6cbfc29026 -> 
  custom:scripting/monoscript/fileName/TMP_EditorPanelUI.cs: 0c3fb43855adf1da22258c211d01a47d -> 
  custom:scripting/monoscript/fileName/TMP_SpriteAnimator.cs: bf3a797c3a059d3698e93e0031d7f11c -> 
  custom:scripting/monoscript/fileName/TMP_FontAssetUtilities.cs: 5b7a9bc9c5c56e3cb5ccc808a2bdd9e4 -> 
  custom:container-demuxer-webm: 4f35f7cbe854078d1ac9338744f61a02 -> 
  custom:scripting/monoscript/fileName/TMP_FontAsset.cs: 6c1db4680a96f294cf0af87a0b8099aa -> 
  custom:scripting/monoscript/fileName/TMP_SubMeshUI_Editor.cs: 119a633ce37cc27ac209988b5de61d96 -> 
  custom:scripting/monoscript/fileName/TextMeshPro.cs: 0cfab9de2f927cf0a5e3dc6276498acd -> 
  custom:container-muxer-webm: aa71ff27fc2769a1b78a27578f13a17b -> 
  custom:scripting/monoscript/fileName/TMP_TextProcessingStack.cs: 6146dd1b7f9b90aa342ef9794e387c23 -> 
  custom:scripting/monoscript/fileName/TMP_BaseEditorPanel.cs: f4b9967705e7bb57152fef4117417ba7 -> 
  custom:scripting/monoscript/fileName/TMP_InputValidator.cs: 5e0d679d98dae60baa87977011e0ed51 -> 
  custom:scripting/monoscript/fileName/TMP_InputField.cs: f7712ab842984f124274656d749eca3d -> 
  custom:scripting/monoscript/fileName/TMP_Sprite.cs: 0ee3c386846aa132dd254421fac18cd1 -> 
  custom:scripting/monoscript/fileName/DOTweenModuleSprite.cs: e35fb5eb1c483cffc283a374a5e25466 -> 
  custom:scripting/monoscript/fileName/TMP_DefaultControls.cs: 2673e29173eb9307fa53ee17c15332ed -> 
  custom:scripting/monoscript/fileName/TMP_ResourcesLoader.cs: 6f1f07799f3cfe795f955033c27f98ed -> 
  custom:scripting/monoscript/fileName/TMP_UIStyleManager.cs: 66d96f3fa9ea14a5a6ed3f92d3bbe0f1 -> 
  custom:scripting/monoscript/fileName/TextMeshProUGUI.cs: b783d06a82b0620f102e3253b4b9fc9b -> 
  custom:scripting/monoscript/fileName/TMP_StyleSheet.cs: de73099b6bd4b9281c92feedf1315618 -> 
  custom:scripting/monoscript/fileName/TMPro_Private.cs: 90647cc400823b41df847a6cbfc29026 -> 
  custom:scripting/monoscript/fileName/TMP_SelectionCaret.cs: d2a06fefe973175bffa10d62f788c481 -> 
  custom:scripting/monoscript/fileName/TMP_MeshInfo.cs: 89833651f7d905e51b340ec2afe531d1 -> 
  custom:scripting/monoscript/fileName/TMP_SpriteCharacter.cs: 81dc73ff0878d6528202f8be44877b26 -> 
  custom:scripting/monoscript/fileName/ActivateOnMousePress.cs: fb2537b56ea5dda887807344161c5301 -> 
  custom:scripting/precompiled-assembly-types:DOTween: 21631fe7085164ba8eadd9baa5b57d90 -> 
  custom:scripting/precompiled-assembly-types:DOTweenEditor: 1efdf497b099e4e6944f0dd7fb28c744 -> 
========================================================================
Received Prepare
Caller must complete domain reload
Begin MonoManager ReloadAssembly
Thread 0x16eff7000 may have been prematurely finalized
- Loaded All Assemblies, in  0.154 seconds
Native extension for iOS target not found
Native extension for Android target not found
Native extension for OSXStandalone target not found
Native extension for WebGL target not found
Mono: successfully reloaded assembly
- Finished resetting the current domain, in  0.183 seconds
Domain Reload Profiling: 337ms
	BeginReloadAssembly (57ms)
		ExecutionOrderSort (0ms)
		DisableScriptedObjects (2ms)
		BackupInstance (0ms)
		ReleaseScriptingObjects (0ms)
		CreateAndSetChildDomain (13ms)
	RebuildCommonClasses (16ms)
	RebuildNativeTypeToScriptingClass (5ms)
	initialDomainReloadingComplete (9ms)
	LoadAllAssembliesAndSetupDomain (67ms)
		LoadAssemblies (81ms)
		RebuildTransferFunctionScriptingTraits (0ms)
		AnalyzeDomain (9ms)
			TypeCache.Refresh (7ms)
				TypeCache.ScanAssembly (4ms)
			ScanForSourceGeneratedMonoScriptInfo (1ms)
			ResolveRequiredComponents (1ms)
	FinalizeReload (183ms)
		ReleaseScriptCaches (0ms)
		RebuildScriptCaches (0ms)
		SetupLoadedEditorAssemblies (101ms)
			LogAssemblyErrors (0ms)
			InitializePlatformSupportModulesInManaged (15ms)
			SetLoadedEditorAssemblies (1ms)
			RefreshPlugins (0ms)
			BeforeProcessingInitializeOnLoad (15ms)
			ProcessInitializeOnLoadAttributes (61ms)
			ProcessInitializeOnLoadMethodAttributes (8ms)
			AfterProcessingInitializeOnLoad (1ms)
			EditorAssembliesLoaded (0ms)
		ExecutionOrderSort2 (0ms)
		AwakeInstancesAfterBackupRestoration (2ms)
Refreshing native plugins compatible for Editor in 0.10 ms, found 0 plugins.
Preloading 0 native plugins for Editor in 0.00 ms.
Unloading 443 Unused Serialized files (Serialized files now loaded: 0)
Unloading 7 unused Assets / (49.5 KB). Loaded Objects now: 934.
Memory consumption went from 276.5 MB to 276.4 MB.
Total: 1.529792 ms (FindLiveObjects: 0.029000 ms CreateObjectMapping: 0.007125 ms MarkObjects: 1.460500 ms  DeleteObjects: 0.032917 ms)

Prepare: number of updated asset objects reloaded= 0
AssetImportParameters requested are different than current active one (requested -> active):
  custom:video-encoder-webm-vp8: eb34c28f22e8b96e1ab97ce403110664 -> 
  custom:scripting/monoscript/fileName/TMP_ShaderUtilities.cs: 84a261643983e306d02445da38ed662f -> 
  custom:scripting/monoscript/fileName/TMP_SettingsEditor.cs: 56bf06371df7e13c5b8cc88becb89a4d -> 
  custom:video-decoder-webm-vp8: 9c59270c3fd7afecdb556c50c9e8de78 -> 
  custom:scripting/monoscript/fileName/TMP_UpdateRegistery.cs: 1f23864d29c3a03d22aa9b00a337cf78 -> 
  custom:scripting/monoscript/fileName/TMP_PackageUtilities.cs: 89e6e95503dd36070edf73e7aaab4557 -> 
  custom:scripting/monoscript/fileName/TMP_FontFeatureTable.cs: cbd25d300d7ed4d969d60cb9f98f2826 -> 
  custom:scripting/monoscript/fileName/TMP_FontAssetCommon.cs: 2b5f11ccf8aacaf9b5ea6564bf2b0d57 -> 
  custom:scripting/monoscript/fileName/TMP_SDFShaderGUI.cs: 1460619486eb6e8da302e26af5538aaa -> 
  custom:scripting/monoscript/fileName/TMP_RichTextTagsCommon.cs: 5462d55f8a9ad882f9a7f2d708a6978b -> 
  custom:scripting/monoscript/fileName/TMPro_ExtensionMethods.cs: 479bffcc157b89693ffc4c2ef2374861 -> 
  custom:scripting/monoscript/fileName/FastAction.cs: dfbe75b66b645b53472915ad2590af11 -> 
  custom:scripting/monoscript/fileName/TMPro_TextContainerEditor.cs: b2fbc5db24221a870c4de162a712cbfe -> 
  custom:scripting/precompiled-assembly-types:Unity.TextMeshPro.Editor: 46ffe279a7239cd1fb74eb9c5ab5b5d8 -> 
  custom:scripting/monoscript/fileName/TMPro_EventManager.cs: 4c7492301243f935f7a463360f91d217 -> 
  custom:scripting/monoscript/fileName/GlyphRectPropertyDrawer.cs: bdec415148eac17379112822c8814df5 -> 
  custom:scripting/monoscript/fileName/TMP_SubMeshUI.cs: 748262c65738bc5e1c553ae7a37a0c73 -> 
  custom:scripting/monoscript/fileName/TMP_GlyphPairAdjustmentRecordPropertyDrawer.cs: 1a07941369755af9e0a102a45e9058c5 -> 
  custom:scripting/monoscript/fileName/DOTweenModulePhysics.cs: 87f8974001cd2397421cfdcad1904e83 -> 
  custom:scripting/monoscript/fileName/TMP_FontFeaturesCommon.cs: 7d1db71d73353e7dd97f094c509882fa -> 
  custom:scripting/monoscript/fileName/TMP_LineInfo.cs: bb529d63c9723788bd7143f27cd69eaf -> 
  custom:scripting/monoscript/fileName/TMPro_UGUI_Private.cs: 90647cc400823b41df847a6cbfc29026 -> 
  custom:audio-decoder-ogg-vorbis: bf7c407c2cedff20999df2af8eb42d56 -> 
  custom:video-decoder-ogg-theora: a1e56fd34408186e4bbccfd4996cb3dc -> 
  custom:scripting/monoscript/fileName/TMP_UpdateManager.cs: fa7e71df671c5b3088b39753e4bbc70d -> 
  custom:scripting/monoscript/fileName/TMP_TextAlignmentDrawer.cs: 011b7908ef5eb5e9dea532c77e85c538 -> 
  custom:scripting/monoscript/fileName/TMP_EditorPanel.cs: 0631f68be4ca0623bf3e313ec9becbc9 -> 
  custom:scripting/monoscript/fileName/Bird.cs: e73883e3c608f9f4405c747d42231788 -> 
  custom:scripting/precompiled-assembly-types:DOTweenUpgradeManager: 16e542c52fa73d4cbcd5cf54d161ea3b -> 
  custom:scripting/monoscript/fileName/TMP_EditorUtility.cs: b242106620cbbc38f0411146a086b885 -> 
  custom:scripting/monoscript/fileName/TMPro_CreateObjectMenu.cs: ddee59388caa7a56693342f3a805d427 -> 
  custom:scripting/monoscript/fileName/TMPro_ContextMenus.cs: 06b3d4b27f337b8d846ca7117f3251e1 -> 
  custom:scripting/monoscript/fileName/TMP_SpriteGlyphPropertyDrawer.cs: 1447c7afab82cf56bc359d5c7fba114e -> 
  custom:scripting/monoscript/fileName/TMP_Asset.cs: 7e95c8d89188057bea8fc9569c9aa309 -> 
  custom:scripting/monoscript/fileName/Slingshot.cs: 5430d2c2acfd1eabc16bf38be6a5235e -> 
  custom:scripting/monoscript/fileName/TMP_TextInfo.cs: 9e4eb698c4c168829682cbe659418e8f -> 
  custom:scripting/monoscript/fileName/TMPro_MeshUtilities.cs: 2237d160e4d9e81a7d899dc235029cb3 -> 
  custom:audio-encoder-webm-vorbis: bf7c407c2cedff20999df2af8eb42d56 -> 
  custom:scripting/monoscript/fileName/TMP_SpriteAssetMenu.cs: 05ea7b84320d1b77a6d1ae49c41ee9cc -> 
  custom:scripting/monoscript/fileName/TMP_TextElement_Legacy.cs: 6e11e173cb695b15e8cce3cd1e1cb2a7 -> 
  custom:scripting/monoscript/fileName/TMP_TextUtilities.cs: aab2855e68416a0a1f2f8904059662aa -> 
  custom:scripting/monoscript/fileName/TMP_Compatibility.cs: 3ef1f12d3c823dd740c7c596ab076c61 -> 
  custom:scripting/monoscript/fileName/TextContainer.cs: 245c032a15fbc12850861c707e37b027 -> 
  custom:scripting/monoscript/fileName/TMP_Dropdown.cs: ecea2f8babcb40d207d2e73158251f60 -> 
  custom:scripting/monoscript/fileName/TMP_BaseShaderGUI.cs: 25118693f24c47c8a4b530b8bff26574 -> 
  custom:scripting/monoscript/fileName/DOTweenModuleUnityVersion.cs: 5fda8b30fb2f0276062c9b201e3b53c4 -> 
  custom:scripting/monoscript/fileName/TMP_ColorGradient.cs: 8d91c7c4749088eca69648d37a965bf8 -> 
  custom:scripting/monoscript/fileName/Constants.cs: 1584b44394baa82ae7b8b5bc09a1664c -> 
  custom:scripting/monoscript/fileName/TMP_CharacterInfo.cs: c840ce0b0aa6c1faafb27b3b884b2328 -> 
  custom:scripting/monoscript/fileName/TMP_ColorGradientEditor.cs: ed654c9d45026a5f71e6e9535130c15f -> 
  custom:scripting/monoscript/fileName/TMP_PreBuildProcessor.cs: 790c12dcd4980aa978fd28fb6f89fb37 -> 
  custom:scripting/monoscript/fileName/TMP_EditorResourceManager.cs: f56b80268a934198a76acc6f4cef503c -> 
  custom:scripting/monoscript/fileName/TMPro_FontAssetCreatorWindow.cs: 0d0900483ed9b57d4ccc2ff58d1220b3 -> 
  custom:SearchIndexIgnoredProperties: e643bd26f0fe6173181afceb89e7c659 -> 
  custom:scripting/monoscript/fileName/DOTweenModuleUtils.cs: 34ad347c902a97803d1c13fe65e97957 -> 
  custom:scripting/monoscript/fileName/TMP_SpriteAssetImporter.cs: 675c97d72afe988872a20f51812f7cdf -> 
  custom:scripting/monoscript/fileName/TMP_Settings.cs: 68d1204aae2aa6d0a54c151b7af443e7 -> 
  custom:scripting/monoscript/fileName/TMP_SubMesh_Editor.cs: b381eb4c2ad4ef265088242d67c5b140 -> 
  custom:scripting/monoscript/fileName/TMP_SerializedPropertyHolder.cs: 99e5dbc1fa1abe750acc8166e4243be8 -> 
  custom:scripting/monoscript/fileName/TMPro_SortingLayerHelper.cs: 8b86ad735987eff6a1277352e9e8d9b6 -> 
  custom:scripting/monoscript/fileName/TMP_TextElement.cs: 5dfb95666bd41ecc32948097824aba23 -> 
  custom:scripting/monoscript/fileName/TMP_InputFieldEditor.cs: a6f05406e9cdb59679382b884c14216a -> 
  custom:scripting/monoscript/fileName/TMP_Text.cs: 5cba61e283281e8dbf7dadaabcd638dc -> 
  custom:container-demuxer-ogg: 62fdf1f143b41e24485cea50d1cbac27 -> 
  custom:scripting/monoscript/fileName/TMP_SpriteAssetEditor.cs: 8a42af05e85c0eed4128787976375b45 -> 
  custom:scripting/monoscript/fileName/TMP_ListPool.cs: 90647cc400823b41df847a6cbfc29026 -> 
  custom:scripting/monoscript/fileName/TMP_SpriteCharacterPropertyDrawer.cs: 14565b4e4f9266584dc3194fd967d252 -> 
  custom:AudioImporter_EditorPlatform: 3918e3fc78b5a79bad01e8451be0beb8 -> 
  custom:scripting/monoscript/fileName/DOTweenModuleUI.cs: 53c26b618f695b59a868eebdc97332ad -> 
  custom:scripting/monoscript/fileName/TMP_StyleAssetMenu.cs: 60e7743122a0686d1131101c521adac6 -> 
  custom:CustomObjectIndexerAttribute: 9a22284fe3817be447336de3de66b15e -> 
  custom:scripting/monoscript/fileName/TMP_SpriteAssetImportFormats.cs: 920e3140228fbd530b0080254da22d88 -> 
  custom:scripting/monoscript/fileName/TMP_BitmapShaderGUI.cs: 2ce3ac811452d1d6d82e565157cac3e2 -> 
  custom:scripting/monoscript/fileName/DOTweenModuleAudio.cs: 371877257ce39f5f0996ea556debbc8a -> 
  custom:scripting/monoscript/fileName/TMP_ColorGradientAssetMenu.cs: 83563be632f8167fcdca7878d36901f9 -> 
  custom:scripting/monoscript/fileName/TMP_MaterialManager.cs: 441d72ec3c04a8da6a351f60fff95465 -> 
  custom:scripting/monoscript/fileName/TMP_SpriteAsset.cs: 8d06882cb45c7664f8d7c3079ee8757f -> 
  custom:scripting/monoscript/fileName/CombatManager.cs: 9e9415fa541f485f607a301095cbe791 -> 
  custom:scripting/monoscript/fileName/TMP_TextParsingUtilities.cs: 8b3fe20641ae0dd97405135955c706a3 -> 
  custom:scripting/monoscript/fileName/DOTweenModulePhysics2D.cs: 63b0e5981d81d026672954b54596f5ae -> 
  custom:scripting/monoscript/fileName/MaterialReferenceManager.cs: c970e86594a0f568cbda548f2d4462c1 -> 
  custom:scripting/monoscript/fileName/DropdownOptionListDrawer.cs: 4362475bc384312c771d88865ee2f40d -> 2b2ea9c97f9351f45324b7dd26de9002
  custom:scripting/monoscript/fileName/King.cs: 0e6bf450f886303abd9316ef88db0a9c -> 
  custom:scripting/monoscript/fileName/Card.cs: 42fd60fcba0cf1de339d217ecb9b80c4 -> 
  custom:scripting/monoscript/fileName/TMP_Character.cs: 015720458ea991fbf07357eae19532db -> 
  custom:scripting/monoscript/fileName/TMP_ResourcesManager.cs: 64252a073d41e9c6f4e95b5f68ac966c -> 
  custom:scripting/monoscript/fileName/TMPro_TexturePostProcessor.cs: 0750ad2b775120fa59f760172dc340ad -> 
  custom:scripting/monoscript/fileName/TMP_PostBuildProcessHandler.cs: c69b388004562ecb0f789fc3759d9651 -> 
  custom:scripting/monoscript/fileName/ITextPreProcessor.cs: a7aa94de5d5bfce2bdd74516315faaf2 -> 
  custom:scripting/monoscript/fileName/TMP_SubMesh.cs: 9fd75270af40187985e5c14cc85ebe42 -> 
  custom:scripting/monoscript/fileName/TMP_DropdownEditor.cs: 2d907ee76ef876797c15186180266847 -> 
  custom:scripting/monoscript/fileName/TMP_GlyphPropertyDrawer.cs: 56b500a16a5c8f635a7bfdd702279864 -> 
  custom:framework-osx-AVFoundation: e770b220cccbd017edd2c1fefb359320 -> 
  custom:scripting/precompiled-assembly-types:Unity.TextMeshPro: 59230975e8163396a463bd906828ec67 -> 
  custom:scripting/monoscript/fileName/Arrow.cs: ece85ba7bf475bfc1dcec008b433482f -> 
  custom:scripting/monoscript/fileName/TMP_PackageResourceImporter.cs: 949b6e7fa2132b400d5c4aaf9c34421a -> 
  custom:scripting/monoscript/fileName/TMP_EditorCoroutine.cs: 04cbf5ce6e541d98265aa7668ef82832 -> 
  custom:scripting/monoscript/fileName/TMP_SpriteGlyph.cs: cb4cdca5a4c6415e4f27ee5280164c41 -> 
  custom:scripting/monoscript/fileName/TMPro_EditorShaderUtilities.cs: f4cbef9348a73d49f1efb8d10ff07bf0 -> 
  custom:scripting/precompiled-assembly-types:Assembly-CSharp-firstpass: c3b8ba213efe735b4b5ada0ee074dcb3 -> 
  custom:scripting/monoscript/fileName/TMP_CharacterPropertyDrawer.cs: ddc6f8909fdac3de9238e9b86e411c3e -> 
  custom:scripting/precompiled-assembly-types:Assembly-CSharp: f347620464db6c8ca12d428a92ccca99 -> 9bd7f8623f7bf0f4e634c2f7935829fd
  custom:scripting/monoscript/fileName/TMP_FontAssetEditor.cs: e359b61135381f6b1d7b8c7e97a930f3 -> 
  custom:scripting/monoscript/fileName/TMP_FontAsset_CreationMenu.cs: 1c5caeb31a0df734411a201aca87cb03 -> 
  custom:scripting/monoscript/fileName/TMP_CoroutineTween.cs: 76849b8d6d4ce499ad8ffee762e4a4af -> 
  custom:scripting/monoscript/fileName/TMP_Style.cs: ecc9948baa78373f3076151d1a0642d9 -> 
  custom:scripting/monoscript/fileName/TMP_ScrollbarEventHandler.cs: c015e39b5a3f1a14518ce039f30e10af -> 
  custom:scripting/monoscript/fileName/GlyphMetricsPropertyDrawer.cs: 438b07e6eae795dab04c32f51ac4e752 -> 
  custom:scripting/monoscript/fileName/TMP_StyleSheetEditor.cs: 38b210a450ac855df2d81ab0242c2feb -> 
  custom:scripting/monoscript/fileName/TMP_ObjectPool.cs: 90647cc400823b41df847a6cbfc29026 -> 
  custom:scripting/monoscript/fileName/TMP_EditorPanelUI.cs: 0c3fb43855adf1da22258c211d01a47d -> 
  custom:scripting/monoscript/fileName/TMP_SpriteAnimator.cs: bf3a797c3a059d3698e93e0031d7f11c -> 
  custom:scripting/monoscript/fileName/TMP_FontAssetUtilities.cs: 5b7a9bc9c5c56e3cb5ccc808a2bdd9e4 -> 
  custom:container-demuxer-webm: 4f35f7cbe854078d1ac9338744f61a02 -> 
  custom:scripting/monoscript/fileName/TMP_FontAsset.cs: 6c1db4680a96f294cf0af87a0b8099aa -> 
  custom:scripting/monoscript/fileName/TMP_SubMeshUI_Editor.cs: 119a633ce37cc27ac209988b5de61d96 -> 
  custom:scripting/monoscript/fileName/TextMeshPro.cs: 0cfab9de2f927cf0a5e3dc6276498acd -> 
  custom:container-muxer-webm: aa71ff27fc2769a1b78a27578f13a17b -> 
  custom:scripting/monoscript/fileName/TMP_TextProcessingStack.cs: 6146dd1b7f9b90aa342ef9794e387c23 -> 
  custom:scripting/monoscript/fileName/TMP_BaseEditorPanel.cs: f4b9967705e7bb57152fef4117417ba7 -> 
  custom:scripting/monoscript/fileName/TMP_InputValidator.cs: 5e0d679d98dae60baa87977011e0ed51 -> 
  custom:scripting/monoscript/fileName/TMP_InputField.cs: f7712ab842984f124274656d749eca3d -> 
  custom:scripting/monoscript/fileName/TMP_Sprite.cs: 0ee3c386846aa132dd254421fac18cd1 -> 
  custom:scripting/monoscript/fileName/DOTweenModuleSprite.cs: e35fb5eb1c483cffc283a374a5e25466 -> 
  custom:scripting/monoscript/fileName/TMP_DefaultControls.cs: 2673e29173eb9307fa53ee17c15332ed -> 
  custom:scripting/monoscript/fileName/TMP_ResourcesLoader.cs: 6f1f07799f3cfe795f955033c27f98ed -> 
  custom:scripting/monoscript/fileName/TMP_UIStyleManager.cs: 66d96f3fa9ea14a5a6ed3f92d3bbe0f1 -> 
  custom:scripting/monoscript/fileName/TextMeshProUGUI.cs: b783d06a82b0620f102e3253b4b9fc9b -> 
  custom:scripting/monoscript/fileName/TMP_StyleSheet.cs: de73099b6bd4b9281c92feedf1315618 -> 
  custom:scripting/monoscript/fileName/TMPro_Private.cs: 90647cc400823b41df847a6cbfc29026 -> 
  custom:scripting/monoscript/fileName/TMP_SelectionCaret.cs: d2a06fefe973175bffa10d62f788c481 -> 
  custom:scripting/monoscript/fileName/TMP_MeshInfo.cs: 89833651f7d905e51b340ec2afe531d1 -> 
  custom:scripting/monoscript/fileName/TMP_SpriteCharacter.cs: 81dc73ff0878d6528202f8be44877b26 -> 
  custom:scripting/monoscript/fileName/ActivateOnMousePress.cs: fb2537b56ea5dda887807344161c5301 -> 
  custom:scripting/precompiled-assembly-types:DOTween: 21631fe7085164ba8eadd9baa5b57d90 -> 
  custom:scripting/precompiled-assembly-types:DOTweenEditor: 1efdf497b099e4e6944f0dd7fb28c744 -> 
========================================================================
Received Prepare
Caller must complete domain reload
Begin MonoManager ReloadAssembly
Thread 0x16eff7000 may have been prematurely finalized
- Loaded All Assemblies, in  0.146 seconds
Native extension for iOS target not found
Native extension for Android target not found
Native extension for OSXStandalone target not found
Native extension for WebGL target not found
Mono: successfully reloaded assembly
- Finished resetting the current domain, in  0.180 seconds
Domain Reload Profiling: 327ms
	BeginReloadAssembly (56ms)
		ExecutionOrderSort (0ms)
		DisableScriptedObjects (2ms)
		BackupInstance (0ms)
		ReleaseScriptingObjects (0ms)
		CreateAndSetChildDomain (14ms)
	RebuildCommonClasses (16ms)
	RebuildNativeTypeToScriptingClass (6ms)
	initialDomainReloadingComplete (8ms)
	LoadAllAssembliesAndSetupDomain (60ms)
		LoadAssemblies (73ms)
		RebuildTransferFunctionScriptingTraits (0ms)
		AnalyzeDomain (9ms)
			TypeCache.Refresh (7ms)
				TypeCache.ScanAssembly (4ms)
			ScanForSourceGeneratedMonoScriptInfo (1ms)
			ResolveRequiredComponents (1ms)
	FinalizeReload (180ms)
		ReleaseScriptCaches (0ms)
		RebuildScriptCaches (0ms)
		SetupLoadedEditorAssemblies (99ms)
			LogAssemblyErrors (0ms)
			InitializePlatformSupportModulesInManaged (15ms)
			SetLoadedEditorAssemblies (2ms)
			RefreshPlugins (0ms)
			BeforeProcessingInitializeOnLoad (14ms)
			ProcessInitializeOnLoadAttributes (59ms)
			ProcessInitializeOnLoadMethodAttributes (8ms)
			AfterProcessingInitializeOnLoad (1ms)
			EditorAssembliesLoaded (0ms)
		ExecutionOrderSort2 (0ms)
		AwakeInstancesAfterBackupRestoration (2ms)
Refreshing native plugins compatible for Editor in 0.09 ms, found 0 plugins.
Preloading 0 native plugins for Editor in 0.00 ms.
Unloading 442 Unused Serialized files (Serialized files now loaded: 0)
Unloading 7 unused Assets / (50.0 KB). Loaded Objects now: 933.
Memory consumption went from 282.3 MB to 282.3 MB.
Total: 1.585458 ms (FindLiveObjects: 0.029417 ms CreateObjectMapping: 0.007042 ms MarkObjects: 1.511792 ms  DeleteObjects: 0.036875 ms)

Prepare: number of updated asset objects reloaded= 0
AssetImportParameters requested are different than current active one (requested -> active):
  custom:video-encoder-webm-vp8: eb34c28f22e8b96e1ab97ce403110664 -> 
  custom:scripting/monoscript/fileName/TMP_ShaderUtilities.cs: 84a261643983e306d02445da38ed662f -> 
  custom:scripting/monoscript/fileName/TMP_SettingsEditor.cs: 56bf06371df7e13c5b8cc88becb89a4d -> 
  custom:video-decoder-webm-vp8: 9c59270c3fd7afecdb556c50c9e8de78 -> 
  custom:scripting/monoscript/fileName/TMP_UpdateRegistery.cs: 1f23864d29c3a03d22aa9b00a337cf78 -> 
  custom:scripting/monoscript/fileName/TMP_PackageUtilities.cs: 89e6e95503dd36070edf73e7aaab4557 -> 
  custom:scripting/monoscript/fileName/TMP_FontFeatureTable.cs: cbd25d300d7ed4d969d60cb9f98f2826 -> 
  custom:scripting/monoscript/fileName/TMP_FontAssetCommon.cs: 2b5f11ccf8aacaf9b5ea6564bf2b0d57 -> 
  custom:scripting/monoscript/fileName/TMP_SDFShaderGUI.cs: 1460619486eb6e8da302e26af5538aaa -> 
  custom:scripting/monoscript/fileName/TMP_RichTextTagsCommon.cs: 5462d55f8a9ad882f9a7f2d708a6978b -> 
  custom:scripting/monoscript/fileName/TMPro_ExtensionMethods.cs: 479bffcc157b89693ffc4c2ef2374861 -> 
  custom:scripting/monoscript/fileName/FastAction.cs: dfbe75b66b645b53472915ad2590af11 -> 
  custom:scripting/monoscript/fileName/TMPro_TextContainerEditor.cs: b2fbc5db24221a870c4de162a712cbfe -> 
  custom:scripting/precompiled-assembly-types:Unity.TextMeshPro.Editor: 46ffe279a7239cd1fb74eb9c5ab5b5d8 -> 
  custom:scripting/monoscript/fileName/TMPro_EventManager.cs: 4c7492301243f935f7a463360f91d217 -> 
  custom:scripting/monoscript/fileName/GlyphRectPropertyDrawer.cs: bdec415148eac17379112822c8814df5 -> 
  custom:scripting/monoscript/fileName/TMP_SubMeshUI.cs: 748262c65738bc5e1c553ae7a37a0c73 -> 
  custom:scripting/monoscript/fileName/TMP_GlyphPairAdjustmentRecordPropertyDrawer.cs: 1a07941369755af9e0a102a45e9058c5 -> 
  custom:scripting/monoscript/fileName/DOTweenModulePhysics.cs: 87f8974001cd2397421cfdcad1904e83 -> 
  custom:scripting/monoscript/fileName/TMP_FontFeaturesCommon.cs: 7d1db71d73353e7dd97f094c509882fa -> 
  custom:scripting/monoscript/fileName/TMP_LineInfo.cs: bb529d63c9723788bd7143f27cd69eaf -> 
  custom:scripting/monoscript/fileName/TMPro_UGUI_Private.cs: 90647cc400823b41df847a6cbfc29026 -> 
  custom:audio-decoder-ogg-vorbis: bf7c407c2cedff20999df2af8eb42d56 -> 
  custom:video-decoder-ogg-theora: a1e56fd34408186e4bbccfd4996cb3dc -> 
  custom:scripting/monoscript/fileName/TMP_UpdateManager.cs: fa7e71df671c5b3088b39753e4bbc70d -> 
  custom:scripting/monoscript/fileName/TMP_TextAlignmentDrawer.cs: 011b7908ef5eb5e9dea532c77e85c538 -> 
  custom:scripting/monoscript/fileName/TMP_EditorPanel.cs: 0631f68be4ca0623bf3e313ec9becbc9 -> 
  custom:scripting/monoscript/fileName/Bird.cs: e73883e3c608f9f4405c747d42231788 -> 
  custom:scripting/monoscript/fileName/TMP_EditorUtility.cs: b242106620cbbc38f0411146a086b885 -> 
  custom:scripting/monoscript/fileName/TMPro_CreateObjectMenu.cs: ddee59388caa7a56693342f3a805d427 -> 
  custom:scripting/monoscript/fileName/TMPro_ContextMenus.cs: 06b3d4b27f337b8d846ca7117f3251e1 -> 
  custom:scripting/monoscript/fileName/TMP_SpriteGlyphPropertyDrawer.cs: 1447c7afab82cf56bc359d5c7fba114e -> 
  custom:scripting/monoscript/fileName/TMP_Asset.cs: 7e95c8d89188057bea8fc9569c9aa309 -> 
  custom:scripting/monoscript/fileName/Slingshot.cs: 5430d2c2acfd1eabc16bf38be6a5235e -> 
  custom:scripting/monoscript/fileName/TMP_TextInfo.cs: 9e4eb698c4c168829682cbe659418e8f -> 
  custom:scripting/monoscript/fileName/TMPro_MeshUtilities.cs: 2237d160e4d9e81a7d899dc235029cb3 -> 
  custom:audio-encoder-webm-vorbis: bf7c407c2cedff20999df2af8eb42d56 -> 
  custom:scripting/monoscript/fileName/TMP_SpriteAssetMenu.cs: 05ea7b84320d1b77a6d1ae49c41ee9cc -> 
  custom:scripting/monoscript/fileName/TMP_TextElement_Legacy.cs: 6e11e173cb695b15e8cce3cd1e1cb2a7 -> 
  custom:scripting/monoscript/fileName/TMP_TextUtilities.cs: aab2855e68416a0a1f2f8904059662aa -> 
  custom:scripting/monoscript/fileName/TMP_Compatibility.cs: 3ef1f12d3c823dd740c7c596ab076c61 -> 
  custom:scripting/monoscript/fileName/TextContainer.cs: 245c032a15fbc12850861c707e37b027 -> 
  custom:scripting/monoscript/fileName/TMP_Dropdown.cs: ecea2f8babcb40d207d2e73158251f60 -> 
  custom:scripting/monoscript/fileName/TMP_BaseShaderGUI.cs: 25118693f24c47c8a4b530b8bff26574 -> 
  custom:scripting/monoscript/fileName/DOTweenModuleUnityVersion.cs: 5fda8b30fb2f0276062c9b201e3b53c4 -> 
  custom:scripting/monoscript/fileName/TMP_ColorGradient.cs: 8d91c7c4749088eca69648d37a965bf8 -> 
  custom:scripting/monoscript/fileName/Constants.cs: 1584b44394baa82ae7b8b5bc09a1664c -> 
  custom:scripting/monoscript/fileName/TMP_CharacterInfo.cs: c840ce0b0aa6c1faafb27b3b884b2328 -> 
  custom:scripting/monoscript/fileName/TMP_ColorGradientEditor.cs: ed654c9d45026a5f71e6e9535130c15f -> 
  custom:scripting/monoscript/fileName/TMP_PreBuildProcessor.cs: 790c12dcd4980aa978fd28fb6f89fb37 -> 
  custom:scripting/monoscript/fileName/TMP_EditorResourceManager.cs: f56b80268a934198a76acc6f4cef503c -> 
  custom:scripting/monoscript/fileName/TMPro_FontAssetCreatorWindow.cs: 0d0900483ed9b57d4ccc2ff58d1220b3 -> 
  custom:SearchIndexIgnoredProperties: e643bd26f0fe6173181afceb89e7c659 -> 
  custom:scripting/monoscript/fileName/DOTweenModuleUtils.cs: 34ad347c902a97803d1c13fe65e97957 -> 
  custom:scripting/monoscript/fileName/TMP_SpriteAssetImporter.cs: 675c97d72afe988872a20f51812f7cdf -> 
  custom:scripting/monoscript/fileName/TMP_Settings.cs: 68d1204aae2aa6d0a54c151b7af443e7 -> 
  custom:scripting/monoscript/fileName/TMP_SubMesh_Editor.cs: b381eb4c2ad4ef265088242d67c5b140 -> 
  custom:scripting/monoscript/fileName/TMP_SerializedPropertyHolder.cs: 99e5dbc1fa1abe750acc8166e4243be8 -> 
  custom:scripting/monoscript/fileName/TMPro_SortingLayerHelper.cs: 8b86ad735987eff6a1277352e9e8d9b6 -> 
  custom:scripting/monoscript/fileName/TMP_TextElement.cs: 5dfb95666bd41ecc32948097824aba23 -> 
  custom:scripting/monoscript/fileName/TMP_InputFieldEditor.cs: a6f05406e9cdb59679382b884c14216a -> 
  custom:scripting/monoscript/fileName/TMP_Text.cs: 5cba61e283281e8dbf7dadaabcd638dc -> 
  custom:container-demuxer-ogg: 62fdf1f143b41e24485cea50d1cbac27 -> 
  custom:scripting/monoscript/fileName/TMP_SpriteAssetEditor.cs: 8a42af05e85c0eed4128787976375b45 -> 
  custom:scripting/monoscript/fileName/TMP_ListPool.cs: 90647cc400823b41df847a6cbfc29026 -> 
  custom:scripting/monoscript/fileName/TMP_SpriteCharacterPropertyDrawer.cs: 14565b4e4f9266584dc3194fd967d252 -> 
  custom:AudioImporter_EditorPlatform: 3918e3fc78b5a79bad01e8451be0beb8 -> 
  custom:scripting/monoscript/fileName/DOTweenModuleUI.cs: 53c26b618f695b59a868eebdc97332ad -> 
  custom:scripting/monoscript/fileName/TMP_StyleAssetMenu.cs: 60e7743122a0686d1131101c521adac6 -> 
  custom:CustomObjectIndexerAttribute: 9a22284fe3817be447336de3de66b15e -> 
  custom:scripting/monoscript/fileName/TMP_SpriteAssetImportFormats.cs: 920e3140228fbd530b0080254da22d88 -> 
  custom:scripting/monoscript/fileName/TMP_BitmapShaderGUI.cs: 2ce3ac811452d1d6d82e565157cac3e2 -> 
  custom:scripting/monoscript/fileName/DOTweenModuleAudio.cs: 371877257ce39f5f0996ea556debbc8a -> 
  custom:scripting/monoscript/fileName/TMP_ColorGradientAssetMenu.cs: 83563be632f8167fcdca7878d36901f9 -> 
  custom:scripting/monoscript/fileName/TMP_MaterialManager.cs: 441d72ec3c04a8da6a351f60fff95465 -> 
  custom:scripting/monoscript/fileName/TMP_SpriteAsset.cs: 8d06882cb45c7664f8d7c3079ee8757f -> 
  custom:scripting/monoscript/fileName/CombatManager.cs: 9e9415fa541f485f607a301095cbe791 -> 
  custom:scripting/monoscript/fileName/TMP_TextParsingUtilities.cs: 8b3fe20641ae0dd97405135955c706a3 -> 
  custom:scripting/monoscript/fileName/DOTweenModulePhysics2D.cs: 63b0e5981d81d026672954b54596f5ae -> 
  custom:scripting/monoscript/fileName/MaterialReferenceManager.cs: c970e86594a0f568cbda548f2d4462c1 -> 
  custom:scripting/monoscript/fileName/DropdownOptionListDrawer.cs: 4362475bc384312c771d88865ee2f40d -> 2b2ea9c97f9351f45324b7dd26de9002
  custom:scripting/monoscript/fileName/King.cs: 0e6bf450f886303abd9316ef88db0a9c -> 
  custom:scripting/monoscript/fileName/Card.cs: 42fd60fcba0cf1de339d217ecb9b80c4 -> 
  custom:scripting/monoscript/fileName/TMP_Character.cs: 015720458ea991fbf07357eae19532db -> 
  custom:scripting/monoscript/fileName/TMP_ResourcesManager.cs: 64252a073d41e9c6f4e95b5f68ac966c -> 
  custom:scripting/monoscript/fileName/TMPro_TexturePostProcessor.cs: 0750ad2b775120fa59f760172dc340ad -> 
  custom:scripting/monoscript/fileName/TMP_PostBuildProcessHandler.cs: c69b388004562ecb0f789fc3759d9651 -> 
  custom:scripting/monoscript/fileName/ITextPreProcessor.cs: a7aa94de5d5bfce2bdd74516315faaf2 -> 
  custom:scripting/monoscript/fileName/TMP_SubMesh.cs: 9fd75270af40187985e5c14cc85ebe42 -> 
  custom:scripting/monoscript/fileName/TMP_DropdownEditor.cs: 2d907ee76ef876797c15186180266847 -> 
  custom:scripting/monoscript/fileName/TMP_GlyphPropertyDrawer.cs: 56b500a16a5c8f635a7bfdd702279864 -> 
  custom:framework-osx-AVFoundation: e770b220cccbd017edd2c1fefb359320 -> 
  custom:scripting/precompiled-assembly-types:Unity.TextMeshPro: 59230975e8163396a463bd906828ec67 -> 
  custom:scripting/monoscript/fileName/Arrow.cs: ece85ba7bf475bfc1dcec008b433482f -> 
  custom:scripting/monoscript/fileName/TMP_PackageResourceImporter.cs: 949b6e7fa2132b400d5c4aaf9c34421a -> 
  custom:scripting/monoscript/fileName/TMP_EditorCoroutine.cs: 04cbf5ce6e541d98265aa7668ef82832 -> 
  custom:scripting/monoscript/fileName/TMP_SpriteGlyph.cs: cb4cdca5a4c6415e4f27ee5280164c41 -> 
  custom:scripting/monoscript/fileName/TMPro_EditorShaderUtilities.cs: f4cbef9348a73d49f1efb8d10ff07bf0 -> 
  custom:scripting/precompiled-assembly-types:Assembly-CSharp-firstpass: c3b8ba213efe735b4b5ada0ee074dcb3 -> 
  custom:scripting/monoscript/fileName/TMP_CharacterPropertyDrawer.cs: ddc6f8909fdac3de9238e9b86e411c3e -> 
  custom:scripting/precompiled-assembly-types:Assembly-CSharp: f347620464db6c8ca12d428a92ccca99 -> 9bd7f8623f7bf0f4e634c2f7935829fd
  custom:scripting/monoscript/fileName/TMP_FontAssetEditor.cs: e359b61135381f6b1d7b8c7e97a930f3 -> 
  custom:scripting/monoscript/fileName/TMP_FontAsset_CreationMenu.cs: 1c5caeb31a0df734411a201aca87cb03 -> 
  custom:scripting/monoscript/fileName/TMP_CoroutineTween.cs: 76849b8d6d4ce499ad8ffee762e4a4af -> 
  custom:scripting/monoscript/fileName/TMP_Style.cs: ecc9948baa78373f3076151d1a0642d9 -> 
  custom:scripting/monoscript/fileName/TMP_ScrollbarEventHandler.cs: c015e39b5a3f1a14518ce039f30e10af -> 
  custom:scripting/monoscript/fileName/GlyphMetricsPropertyDrawer.cs: 438b07e6eae795dab04c32f51ac4e752 -> 
  custom:scripting/monoscript/fileName/TMP_StyleSheetEditor.cs: 38b210a450ac855df2d81ab0242c2feb -> 
  custom:scripting/monoscript/fileName/TMP_ObjectPool.cs: 90647cc400823b41df847a6cbfc29026 -> 
  custom:scripting/monoscript/fileName/TMP_EditorPanelUI.cs: 0c3fb43855adf1da22258c211d01a47d -> 
  custom:scripting/monoscript/fileName/TMP_SpriteAnimator.cs: bf3a797c3a059d3698e93e0031d7f11c -> 
  custom:scripting/monoscript/fileName/TMP_FontAssetUtilities.cs: 5b7a9bc9c5c56e3cb5ccc808a2bdd9e4 -> 
  custom:container-demuxer-webm: 4f35f7cbe854078d1ac9338744f61a02 -> 
  custom:scripting/monoscript/fileName/TMP_FontAsset.cs: 6c1db4680a96f294cf0af87a0b8099aa -> 
  custom:scripting/monoscript/fileName/TMP_SubMeshUI_Editor.cs: 119a633ce37cc27ac209988b5de61d96 -> 
  custom:scripting/monoscript/fileName/TextMeshPro.cs: 0cfab9de2f927cf0a5e3dc6276498acd -> 
  custom:container-muxer-webm: aa71ff27fc2769a1b78a27578f13a17b -> 
  custom:scripting/monoscript/fileName/TMP_TextProcessingStack.cs: 6146dd1b7f9b90aa342ef9794e387c23 -> 
  custom:scripting/monoscript/fileName/TMP_BaseEditorPanel.cs: f4b9967705e7bb57152fef4117417ba7 -> 
  custom:scripting/monoscript/fileName/TMP_InputValidator.cs: 5e0d679d98dae60baa87977011e0ed51 -> 
  custom:scripting/monoscript/fileName/TMP_InputField.cs: f7712ab842984f124274656d749eca3d -> 
  custom:scripting/monoscript/fileName/TMP_Sprite.cs: 0ee3c386846aa132dd254421fac18cd1 -> 
  custom:scripting/monoscript/fileName/DOTweenModuleSprite.cs: e35fb5eb1c483cffc283a374a5e25466 -> 
  custom:scripting/monoscript/fileName/TMP_DefaultControls.cs: 2673e29173eb9307fa53ee17c15332ed -> 
  custom:scripting/monoscript/fileName/TMP_ResourcesLoader.cs: 6f1f07799f3cfe795f955033c27f98ed -> 
  custom:scripting/monoscript/fileName/TMP_UIStyleManager.cs: 66d96f3fa9ea14a5a6ed3f92d3bbe0f1 -> 
  custom:scripting/monoscript/fileName/TextMeshProUGUI.cs: b783d06a82b0620f102e3253b4b9fc9b -> 
  custom:scripting/monoscript/fileName/TMP_StyleSheet.cs: de73099b6bd4b9281c92feedf1315618 -> 
  custom:scripting/monoscript/fileName/TMPro_Private.cs: 90647cc400823b41df847a6cbfc29026 -> 
  custom:scripting/monoscript/fileName/TMP_SelectionCaret.cs: d2a06fefe973175bffa10d62f788c481 -> 
  custom:scripting/monoscript/fileName/TMP_MeshInfo.cs: 89833651f7d905e51b340ec2afe531d1 -> 
  custom:scripting/monoscript/fileName/TMP_SpriteCharacter.cs: 81dc73ff0878d6528202f8be44877b26 -> 
  custom:scripting/monoscript/fileName/ActivateOnMousePress.cs: fb2537b56ea5dda887807344161c5301 -> 
  custom:scripting/precompiled-assembly-types:DOTween: 21631fe7085164ba8eadd9baa5b57d90 -> 
  custom:scripting/precompiled-assembly-types:DOTweenEditor: 1efdf497b099e4e6944f0dd7fb28c744 -> 
========================================================================
Received Prepare
Caller must complete domain reload
Begin MonoManager ReloadAssembly
Thread 0x16eff7000 may have been prematurely finalized
- Loaded All Assemblies, in  0.171 seconds
Native extension for iOS target not found
Native extension for Android target not found
Native extension for OSXStandalone target not found
Native extension for WebGL target not found
Mono: successfully reloaded assembly
- Finished resetting the current domain, in  0.202 seconds
Domain Reload Profiling: 373ms
	BeginReloadAssembly (67ms)
		ExecutionOrderSort (0ms)
		DisableScriptedObjects (2ms)
		BackupInstance (0ms)
		ReleaseScriptingObjects (0ms)
		CreateAndSetChildDomain (18ms)
	RebuildCommonClasses (17ms)
	RebuildNativeTypeToScriptingClass (5ms)
	initialDomainReloadingComplete (11ms)
	LoadAllAssembliesAndSetupDomain (69ms)
		LoadAssemblies (94ms)
		RebuildTransferFunctionScriptingTraits (0ms)
		AnalyzeDomain (4ms)
			TypeCache.Refresh (3ms)
				TypeCache.ScanAssembly (0ms)
			ScanForSourceGeneratedMonoScriptInfo (0ms)
			ResolveRequiredComponents (1ms)
	FinalizeReload (202ms)
		ReleaseScriptCaches (0ms)
		RebuildScriptCaches (0ms)
		SetupLoadedEditorAssemblies (102ms)
			LogAssemblyErrors (0ms)
			InitializePlatformSupportModulesInManaged (14ms)
			SetLoadedEditorAssemblies (2ms)
			RefreshPlugins (0ms)
			BeforeProcessingInitializeOnLoad (15ms)
			ProcessInitializeOnLoadAttributes (62ms)
			ProcessInitializeOnLoadMethodAttributes (8ms)
			AfterProcessingInitializeOnLoad (1ms)
			EditorAssembliesLoaded (0ms)
		ExecutionOrderSort2 (0ms)
		AwakeInstancesAfterBackupRestoration (2ms)
Refreshing native plugins compatible for Editor in 0.11 ms, found 0 plugins.
Preloading 0 native plugins for Editor in 0.00 ms.
Unloading 442 Unused Serialized files (Serialized files now loaded: 0)
Unloading 6 unused Assets / (49.5 KB). Loaded Objects now: 933.
Memory consumption went from 288.1 MB to 288.1 MB.
Total: 1.659625 ms (FindLiveObjects: 0.030000 ms CreateObjectMapping: 0.007333 ms MarkObjects: 1.577292 ms  DeleteObjects: 0.044708 ms)

Prepare: number of updated asset objects reloaded= 0
AssetImportParameters requested are different than current active one (requested -> active):
  custom:video-encoder-webm-vp8: eb34c28f22e8b96e1ab97ce403110664 -> 
  custom:scripting/monoscript/fileName/TMP_ShaderUtilities.cs: 84a261643983e306d02445da38ed662f -> 
  custom:scripting/monoscript/fileName/TMP_SettingsEditor.cs: 56bf06371df7e13c5b8cc88becb89a4d -> 
  custom:video-decoder-webm-vp8: 9c59270c3fd7afecdb556c50c9e8de78 -> 
  custom:scripting/monoscript/fileName/TMP_UpdateRegistery.cs: 1f23864d29c3a03d22aa9b00a337cf78 -> 
  custom:scripting/monoscript/fileName/TMP_PackageUtilities.cs: 89e6e95503dd36070edf73e7aaab4557 -> 
  custom:scripting/monoscript/fileName/TMP_FontFeatureTable.cs: cbd25d300d7ed4d969d60cb9f98f2826 -> 
  custom:scripting/monoscript/fileName/TMP_FontAssetCommon.cs: 2b5f11ccf8aacaf9b5ea6564bf2b0d57 -> 
  custom:scripting/monoscript/fileName/TMP_SDFShaderGUI.cs: 1460619486eb6e8da302e26af5538aaa -> 
  custom:scripting/monoscript/fileName/TMP_RichTextTagsCommon.cs: 5462d55f8a9ad882f9a7f2d708a6978b -> 
  custom:scripting/monoscript/fileName/TMPro_ExtensionMethods.cs: 479bffcc157b89693ffc4c2ef2374861 -> 
  custom:scripting/monoscript/fileName/FastAction.cs: dfbe75b66b645b53472915ad2590af11 -> 
  custom:scripting/monoscript/fileName/TMPro_TextContainerEditor.cs: b2fbc5db24221a870c4de162a712cbfe -> 
  custom:scripting/precompiled-assembly-types:Unity.TextMeshPro.Editor: 46ffe279a7239cd1fb74eb9c5ab5b5d8 -> 
  custom:scripting/monoscript/fileName/TMPro_EventManager.cs: 4c7492301243f935f7a463360f91d217 -> 
  custom:scripting/monoscript/fileName/GlyphRectPropertyDrawer.cs: bdec415148eac17379112822c8814df5 -> 
  custom:scripting/monoscript/fileName/TMP_SubMeshUI.cs: 748262c65738bc5e1c553ae7a37a0c73 -> 
  custom:scripting/monoscript/fileName/TMP_GlyphPairAdjustmentRecordPropertyDrawer.cs: 1a07941369755af9e0a102a45e9058c5 -> 
  custom:scripting/monoscript/fileName/DOTweenModulePhysics.cs: 87f8974001cd2397421cfdcad1904e83 -> 
  custom:scripting/monoscript/fileName/TMP_FontFeaturesCommon.cs: 7d1db71d73353e7dd97f094c509882fa -> 
  custom:scripting/monoscript/fileName/TMP_LineInfo.cs: bb529d63c9723788bd7143f27cd69eaf -> 
  custom:scripting/monoscript/fileName/TMPro_UGUI_Private.cs: 90647cc400823b41df847a6cbfc29026 -> 
  custom:audio-decoder-ogg-vorbis: bf7c407c2cedff20999df2af8eb42d56 -> 
  custom:video-decoder-ogg-theora: a1e56fd34408186e4bbccfd4996cb3dc -> 
  custom:scripting/monoscript/fileName/TMP_UpdateManager.cs: fa7e71df671c5b3088b39753e4bbc70d -> 
  custom:scripting/monoscript/fileName/TMP_TextAlignmentDrawer.cs: 011b7908ef5eb5e9dea532c77e85c538 -> 
  custom:scripting/monoscript/fileName/TMP_EditorPanel.cs: 0631f68be4ca0623bf3e313ec9becbc9 -> 
  custom:scripting/monoscript/fileName/Bird.cs: e73883e3c608f9f4405c747d42231788 -> 
  custom:scripting/monoscript/fileName/TMP_EditorUtility.cs: b242106620cbbc38f0411146a086b885 -> 
  custom:scripting/monoscript/fileName/TMPro_CreateObjectMenu.cs: ddee59388caa7a56693342f3a805d427 -> 
  custom:scripting/monoscript/fileName/TMPro_ContextMenus.cs: 06b3d4b27f337b8d846ca7117f3251e1 -> 
  custom:scripting/monoscript/fileName/TMP_SpriteGlyphPropertyDrawer.cs: 1447c7afab82cf56bc359d5c7fba114e -> 
  custom:scripting/monoscript/fileName/TMP_Asset.cs: 7e95c8d89188057bea8fc9569c9aa309 -> 
  custom:scripting/monoscript/fileName/Slingshot.cs: 5430d2c2acfd1eabc16bf38be6a5235e -> 
  custom:scripting/monoscript/fileName/TMP_TextInfo.cs: 9e4eb698c4c168829682cbe659418e8f -> 
  custom:scripting/monoscript/fileName/TMPro_MeshUtilities.cs: 2237d160e4d9e81a7d899dc235029cb3 -> 
  custom:audio-encoder-webm-vorbis: bf7c407c2cedff20999df2af8eb42d56 -> 
  custom:scripting/monoscript/fileName/TMP_SpriteAssetMenu.cs: 05ea7b84320d1b77a6d1ae49c41ee9cc -> 
  custom:scripting/monoscript/fileName/TMP_TextElement_Legacy.cs: 6e11e173cb695b15e8cce3cd1e1cb2a7 -> 
  custom:scripting/monoscript/fileName/TMP_TextUtilities.cs: aab2855e68416a0a1f2f8904059662aa -> 
  custom:scripting/monoscript/fileName/TMP_Compatibility.cs: 3ef1f12d3c823dd740c7c596ab076c61 -> 
  custom:scripting/monoscript/fileName/TextContainer.cs: 245c032a15fbc12850861c707e37b027 -> 
  custom:scripting/monoscript/fileName/TMP_Dropdown.cs: ecea2f8babcb40d207d2e73158251f60 -> 
  custom:scripting/monoscript/fileName/TMP_BaseShaderGUI.cs: 25118693f24c47c8a4b530b8bff26574 -> 
  custom:scripting/monoscript/fileName/DOTweenModuleUnityVersion.cs: 5fda8b30fb2f0276062c9b201e3b53c4 -> 
  custom:scripting/monoscript/fileName/TMP_ColorGradient.cs: 8d91c7c4749088eca69648d37a965bf8 -> 
  custom:scripting/monoscript/fileName/Constants.cs: 1584b44394baa82ae7b8b5bc09a1664c -> 
  custom:scripting/monoscript/fileName/TMP_CharacterInfo.cs: c840ce0b0aa6c1faafb27b3b884b2328 -> 
  custom:scripting/monoscript/fileName/TMP_ColorGradientEditor.cs: ed654c9d45026a5f71e6e9535130c15f -> 
  custom:scripting/monoscript/fileName/TMP_PreBuildProcessor.cs: 790c12dcd4980aa978fd28fb6f89fb37 -> 
  custom:scripting/monoscript/fileName/TMP_EditorResourceManager.cs: f56b80268a934198a76acc6f4cef503c -> 
  custom:scripting/monoscript/fileName/TMPro_FontAssetCreatorWindow.cs: 0d0900483ed9b57d4ccc2ff58d1220b3 -> 
  custom:SearchIndexIgnoredProperties: e643bd26f0fe6173181afceb89e7c659 -> 
  custom:scripting/monoscript/fileName/DOTweenModuleUtils.cs: 34ad347c902a97803d1c13fe65e97957 -> 
  custom:scripting/monoscript/fileName/TMP_SpriteAssetImporter.cs: 675c97d72afe988872a20f51812f7cdf -> 
  custom:scripting/monoscript/fileName/TMP_Settings.cs: 68d1204aae2aa6d0a54c151b7af443e7 -> 
  custom:scripting/monoscript/fileName/TMP_SubMesh_Editor.cs: b381eb4c2ad4ef265088242d67c5b140 -> 
  custom:scripting/monoscript/fileName/TMP_SerializedPropertyHolder.cs: 99e5dbc1fa1abe750acc8166e4243be8 -> 
  custom:scripting/monoscript/fileName/TMPro_SortingLayerHelper.cs: 8b86ad735987eff6a1277352e9e8d9b6 -> 
  custom:scripting/monoscript/fileName/TMP_TextElement.cs: 5dfb95666bd41ecc32948097824aba23 -> 
  custom:scripting/monoscript/fileName/TMP_InputFieldEditor.cs: a6f05406e9cdb59679382b884c14216a -> 
  custom:scripting/monoscript/fileName/TMP_Text.cs: 5cba61e283281e8dbf7dadaabcd638dc -> 
  custom:container-demuxer-ogg: 62fdf1f143b41e24485cea50d1cbac27 -> 
  custom:scripting/monoscript/fileName/TMP_SpriteAssetEditor.cs: 8a42af05e85c0eed4128787976375b45 -> 
  custom:scripting/monoscript/fileName/TMP_ListPool.cs: 90647cc400823b41df847a6cbfc29026 -> 
  custom:scripting/monoscript/fileName/TMP_SpriteCharacterPropertyDrawer.cs: 14565b4e4f9266584dc3194fd967d252 -> 
  custom:AudioImporter_EditorPlatform: 3918e3fc78b5a79bad01e8451be0beb8 -> 
  custom:scripting/monoscript/fileName/DOTweenModuleUI.cs: 53c26b618f695b59a868eebdc97332ad -> 
  custom:scripting/monoscript/fileName/TMP_StyleAssetMenu.cs: 60e7743122a0686d1131101c521adac6 -> 
  custom:CustomObjectIndexerAttribute: 9a22284fe3817be447336de3de66b15e -> 
  custom:scripting/monoscript/fileName/TMP_SpriteAssetImportFormats.cs: 920e3140228fbd530b0080254da22d88 -> 
  custom:scripting/monoscript/fileName/TMP_BitmapShaderGUI.cs: 2ce3ac811452d1d6d82e565157cac3e2 -> 
  custom:scripting/monoscript/fileName/DOTweenModuleAudio.cs: 371877257ce39f5f0996ea556debbc8a -> 
  custom:scripting/monoscript/fileName/TMP_ColorGradientAssetMenu.cs: 83563be632f8167fcdca7878d36901f9 -> 
  custom:scripting/monoscript/fileName/TMP_MaterialManager.cs: 441d72ec3c04a8da6a351f60fff95465 -> 
  custom:scripting/monoscript/fileName/TMP_SpriteAsset.cs: 8d06882cb45c7664f8d7c3079ee8757f -> 
  custom:scripting/monoscript/fileName/CombatManager.cs: 9e9415fa541f485f607a301095cbe791 -> 
  custom:scripting/monoscript/fileName/TMP_TextParsingUtilities.cs: 8b3fe20641ae0dd97405135955c706a3 -> 
  custom:scripting/monoscript/fileName/DOTweenModulePhysics2D.cs: 63b0e5981d81d026672954b54596f5ae -> 
  custom:scripting/monoscript/fileName/MaterialReferenceManager.cs: c970e86594a0f568cbda548f2d4462c1 -> 
  custom:scripting/monoscript/fileName/DropdownOptionListDrawer.cs: 4362475bc384312c771d88865ee2f40d -> 2b2ea9c97f9351f45324b7dd26de9002
  custom:scripting/monoscript/fileName/King.cs: 0e6bf450f886303abd9316ef88db0a9c -> 
  custom:scripting/monoscript/fileName/Card.cs: 42fd60fcba0cf1de339d217ecb9b80c4 -> 
  custom:scripting/monoscript/fileName/TMP_Character.cs: 015720458ea991fbf07357eae19532db -> 
  custom:scripting/monoscript/fileName/TMP_ResourcesManager.cs: 64252a073d41e9c6f4e95b5f68ac966c -> 
  custom:scripting/monoscript/fileName/TMPro_TexturePostProcessor.cs: 0750ad2b775120fa59f760172dc340ad -> 
  custom:scripting/monoscript/fileName/TMP_PostBuildProcessHandler.cs: c69b388004562ecb0f789fc3759d9651 -> 
  custom:scripting/monoscript/fileName/ITextPreProcessor.cs: a7aa94de5d5bfce2bdd74516315faaf2 -> 
  custom:scripting/monoscript/fileName/TMP_SubMesh.cs: 9fd75270af40187985e5c14cc85ebe42 -> 
  custom:scripting/monoscript/fileName/TMP_DropdownEditor.cs: 2d907ee76ef876797c15186180266847 -> 
  custom:scripting/monoscript/fileName/TMP_GlyphPropertyDrawer.cs: 56b500a16a5c8f635a7bfdd702279864 -> 
  custom:framework-osx-AVFoundation: e770b220cccbd017edd2c1fefb359320 -> 
  custom:scripting/precompiled-assembly-types:Unity.TextMeshPro: 59230975e8163396a463bd906828ec67 -> 
  custom:scripting/monoscript/fileName/Arrow.cs: ece85ba7bf475bfc1dcec008b433482f -> 
  custom:scripting/monoscript/fileName/TMP_PackageResourceImporter.cs: 949b6e7fa2132b400d5c4aaf9c34421a -> 
  custom:scripting/monoscript/fileName/TMP_EditorCoroutine.cs: 04cbf5ce6e541d98265aa7668ef82832 -> 
  custom:scripting/monoscript/fileName/TMP_SpriteGlyph.cs: cb4cdca5a4c6415e4f27ee5280164c41 -> 
  custom:scripting/monoscript/fileName/TMPro_EditorShaderUtilities.cs: f4cbef9348a73d49f1efb8d10ff07bf0 -> 
  custom:scripting/precompiled-assembly-types:Assembly-CSharp-firstpass: c3b8ba213efe735b4b5ada0ee074dcb3 -> 
  custom:scripting/monoscript/fileName/TMP_CharacterPropertyDrawer.cs: ddc6f8909fdac3de9238e9b86e411c3e -> 
  custom:scripting/precompiled-assembly-types:Assembly-CSharp: f347620464db6c8ca12d428a92ccca99 -> 9bd7f8623f7bf0f4e634c2f7935829fd
  custom:scripting/monoscript/fileName/TMP_FontAssetEditor.cs: e359b61135381f6b1d7b8c7e97a930f3 -> 
  custom:scripting/monoscript/fileName/TMP_FontAsset_CreationMenu.cs: 1c5caeb31a0df734411a201aca87cb03 -> 
  custom:scripting/monoscript/fileName/TMP_CoroutineTween.cs: 76849b8d6d4ce499ad8ffee762e4a4af -> 
  custom:scripting/monoscript/fileName/TMP_Style.cs: ecc9948baa78373f3076151d1a0642d9 -> 
  custom:scripting/monoscript/fileName/TMP_ScrollbarEventHandler.cs: c015e39b5a3f1a14518ce039f30e10af -> 
  custom:scripting/monoscript/fileName/GlyphMetricsPropertyDrawer.cs: 438b07e6eae795dab04c32f51ac4e752 -> 
  custom:scripting/monoscript/fileName/TMP_StyleSheetEditor.cs: 38b210a450ac855df2d81ab0242c2feb -> 
  custom:scripting/monoscript/fileName/TMP_ObjectPool.cs: 90647cc400823b41df847a6cbfc29026 -> 
  custom:scripting/monoscript/fileName/TMP_EditorPanelUI.cs: 0c3fb43855adf1da22258c211d01a47d -> 
  custom:scripting/monoscript/fileName/TMP_SpriteAnimator.cs: bf3a797c3a059d3698e93e0031d7f11c -> 
  custom:scripting/monoscript/fileName/TMP_FontAssetUtilities.cs: 5b7a9bc9c5c56e3cb5ccc808a2bdd9e4 -> 
  custom:container-demuxer-webm: 4f35f7cbe854078d1ac9338744f61a02 -> 
  custom:scripting/monoscript/fileName/TMP_FontAsset.cs: 6c1db4680a96f294cf0af87a0b8099aa -> 
  custom:scripting/monoscript/fileName/TMP_SubMeshUI_Editor.cs: 119a633ce37cc27ac209988b5de61d96 -> 
  custom:scripting/monoscript/fileName/TextMeshPro.cs: 0cfab9de2f927cf0a5e3dc6276498acd -> 
  custom:container-muxer-webm: aa71ff27fc2769a1b78a27578f13a17b -> 
  custom:scripting/monoscript/fileName/TMP_TextProcessingStack.cs: 6146dd1b7f9b90aa342ef9794e387c23 -> 
  custom:scripting/monoscript/fileName/TMP_BaseEditorPanel.cs: f4b9967705e7bb57152fef4117417ba7 -> 
  custom:scripting/monoscript/fileName/TMP_InputValidator.cs: 5e0d679d98dae60baa87977011e0ed51 -> 
  custom:scripting/monoscript/fileName/TMP_InputField.cs: f7712ab842984f124274656d749eca3d -> 
  custom:scripting/monoscript/fileName/TMP_Sprite.cs: 0ee3c386846aa132dd254421fac18cd1 -> 
  custom:scripting/monoscript/fileName/DOTweenModuleSprite.cs: e35fb5eb1c483cffc283a374a5e25466 -> 
  custom:scripting/monoscript/fileName/TMP_DefaultControls.cs: 2673e29173eb9307fa53ee17c15332ed -> 
  custom:scripting/monoscript/fileName/TMP_ResourcesLoader.cs: 6f1f07799f3cfe795f955033c27f98ed -> 
  custom:scripting/monoscript/fileName/TMP_UIStyleManager.cs: 66d96f3fa9ea14a5a6ed3f92d3bbe0f1 -> 
  custom:scripting/monoscript/fileName/TextMeshProUGUI.cs: b783d06a82b0620f102e3253b4b9fc9b -> 
  custom:scripting/monoscript/fileName/TMP_StyleSheet.cs: de73099b6bd4b9281c92feedf1315618 -> 
  custom:scripting/monoscript/fileName/TMPro_Private.cs: 90647cc400823b41df847a6cbfc29026 -> 
  custom:scripting/monoscript/fileName/TMP_SelectionCaret.cs: d2a06fefe973175bffa10d62f788c481 -> 
  custom:scripting/monoscript/fileName/TMP_MeshInfo.cs: 89833651f7d905e51b340ec2afe531d1 -> 
  custom:scripting/monoscript/fileName/TMP_SpriteCharacter.cs: 81dc73ff0878d6528202f8be44877b26 -> 
  custom:scripting/monoscript/fileName/ActivateOnMousePress.cs: fb2537b56ea5dda887807344161c5301 -> 
  custom:scripting/precompiled-assembly-types:DOTween: 21631fe7085164ba8eadd9baa5b57d90 -> 
  custom:scripting/precompiled-assembly-types:DOTweenEditor: 1efdf497b099e4e6944f0dd7fb28c744 -> 
========================================================================
Received Prepare
Caller must complete domain reload
Begin MonoManager ReloadAssembly
Thread 0x16eff7000 may have been prematurely finalized
- Loaded All Assemblies, in  0.153 seconds
Native extension for iOS target not found
Native extension for Android target not found
Native extension for OSXStandalone target not found
Native extension for WebGL target not found
Mono: successfully reloaded assembly
- Finished resetting the current domain, in  0.195 seconds
Domain Reload Profiling: 348ms
	BeginReloadAssembly (57ms)
		ExecutionOrderSort (0ms)
		DisableScriptedObjects (2ms)
		BackupInstance (0ms)
		ReleaseScriptingObjects (0ms)
		CreateAndSetChildDomain (14ms)
	RebuildCommonClasses (17ms)
	RebuildNativeTypeToScriptingClass (5ms)
	initialDomainReloadingComplete (9ms)
	LoadAllAssembliesAndSetupDomain (64ms)
		LoadAssemblies (82ms)
		RebuildTransferFunctionScriptingTraits (0ms)
		AnalyzeDomain (6ms)
			TypeCache.Refresh (3ms)
				TypeCache.ScanAssembly (0ms)
			ScanForSourceGeneratedMonoScriptInfo (1ms)
			ResolveRequiredComponents (1ms)
	FinalizeReload (195ms)
		ReleaseScriptCaches (0ms)
		RebuildScriptCaches (0ms)
		SetupLoadedEditorAssemblies (98ms)
			LogAssemblyErrors (0ms)
			InitializePlatformSupportModulesInManaged (13ms)
			SetLoadedEditorAssemblies (1ms)
			RefreshPlugins (0ms)
			BeforeProcessingInitializeOnLoad (14ms)
			ProcessInitializeOnLoadAttributes (61ms)
			ProcessInitializeOnLoadMethodAttributes (8ms)
			AfterProcessingInitializeOnLoad (1ms)
			EditorAssembliesLoaded (0ms)
		ExecutionOrderSort2 (0ms)
		AwakeInstancesAfterBackupRestoration (2ms)
Refreshing native plugins compatible for Editor in 0.10 ms, found 0 plugins.
Preloading 0 native plugins for Editor in 0.00 ms.
Unloading 442 Unused Serialized files (Serialized files now loaded: 0)
Unloading 6 unused Assets / (49.4 KB). Loaded Objects now: 933.
Memory consumption went from 294.0 MB to 294.0 MB.
Total: 1.347042 ms (FindLiveObjects: 0.031292 ms CreateObjectMapping: 0.007250 ms MarkObjects: 1.281375 ms  DeleteObjects: 0.026958 ms)

Prepare: number of updated asset objects reloaded= 0
AssetImportParameters requested are different than current active one (requested -> active):
  custom:video-encoder-webm-vp8: eb34c28f22e8b96e1ab97ce403110664 -> 
  custom:scripting/monoscript/fileName/TMP_ShaderUtilities.cs: 84a261643983e306d02445da38ed662f -> 
  custom:scripting/monoscript/fileName/TMP_SettingsEditor.cs: 56bf06371df7e13c5b8cc88becb89a4d -> 
  custom:video-decoder-webm-vp8: 9c59270c3fd7afecdb556c50c9e8de78 -> 
  custom:scripting/monoscript/fileName/TMP_UpdateRegistery.cs: 1f23864d29c3a03d22aa9b00a337cf78 -> 
  custom:scripting/monoscript/fileName/TMP_PackageUtilities.cs: 89e6e95503dd36070edf73e7aaab4557 -> 
  custom:scripting/monoscript/fileName/TMP_FontFeatureTable.cs: cbd25d300d7ed4d969d60cb9f98f2826 -> 
  custom:scripting/monoscript/fileName/TMP_FontAssetCommon.cs: 2b5f11ccf8aacaf9b5ea6564bf2b0d57 -> 
  custom:scripting/monoscript/fileName/TMP_SDFShaderGUI.cs: 1460619486eb6e8da302e26af5538aaa -> 
  custom:scripting/monoscript/fileName/TMP_RichTextTagsCommon.cs: 5462d55f8a9ad882f9a7f2d708a6978b -> 
  custom:scripting/monoscript/fileName/TMPro_ExtensionMethods.cs: 479bffcc157b89693ffc4c2ef2374861 -> 
  custom:scripting/monoscript/fileName/FastAction.cs: dfbe75b66b645b53472915ad2590af11 -> 
  custom:scripting/monoscript/fileName/TMPro_TextContainerEditor.cs: b2fbc5db24221a870c4de162a712cbfe -> 
  custom:scripting/precompiled-assembly-types:Unity.TextMeshPro.Editor: 46ffe279a7239cd1fb74eb9c5ab5b5d8 -> 
  custom:scripting/monoscript/fileName/TMPro_EventManager.cs: 4c7492301243f935f7a463360f91d217 -> 
  custom:scripting/monoscript/fileName/GlyphRectPropertyDrawer.cs: bdec415148eac17379112822c8814df5 -> 
  custom:scripting/monoscript/fileName/TMP_SubMeshUI.cs: 748262c65738bc5e1c553ae7a37a0c73 -> 
  custom:scripting/monoscript/fileName/TMP_GlyphPairAdjustmentRecordPropertyDrawer.cs: 1a07941369755af9e0a102a45e9058c5 -> 
  custom:scripting/monoscript/fileName/DOTweenModulePhysics.cs: 87f8974001cd2397421cfdcad1904e83 -> 
  custom:scripting/monoscript/fileName/TMP_FontFeaturesCommon.cs: 7d1db71d73353e7dd97f094c509882fa -> 
  custom:scripting/monoscript/fileName/TMP_LineInfo.cs: bb529d63c9723788bd7143f27cd69eaf -> 
  custom:scripting/monoscript/fileName/TMPro_UGUI_Private.cs: 90647cc400823b41df847a6cbfc29026 -> 
  custom:audio-decoder-ogg-vorbis: bf7c407c2cedff20999df2af8eb42d56 -> 
  custom:video-decoder-ogg-theora: a1e56fd34408186e4bbccfd4996cb3dc -> 
  custom:scripting/monoscript/fileName/TMP_UpdateManager.cs: fa7e71df671c5b3088b39753e4bbc70d -> 
  custom:scripting/monoscript/fileName/TMP_TextAlignmentDrawer.cs: 011b7908ef5eb5e9dea532c77e85c538 -> 
  custom:scripting/monoscript/fileName/TMP_EditorPanel.cs: 0631f68be4ca0623bf3e313ec9becbc9 -> 
  custom:scripting/monoscript/fileName/Bird.cs: e73883e3c608f9f4405c747d42231788 -> 
  custom:scripting/monoscript/fileName/TMP_EditorUtility.cs: b242106620cbbc38f0411146a086b885 -> 
  custom:scripting/monoscript/fileName/TMPro_CreateObjectMenu.cs: ddee59388caa7a56693342f3a805d427 -> 
  custom:scripting/monoscript/fileName/TMPro_ContextMenus.cs: 06b3d4b27f337b8d846ca7117f3251e1 -> 
  custom:scripting/monoscript/fileName/TMP_SpriteGlyphPropertyDrawer.cs: 1447c7afab82cf56bc359d5c7fba114e -> 
  custom:scripting/monoscript/fileName/TMP_Asset.cs: 7e95c8d89188057bea8fc9569c9aa309 -> 
  custom:scripting/monoscript/fileName/Slingshot.cs: 5430d2c2acfd1eabc16bf38be6a5235e -> 
  custom:scripting/monoscript/fileName/TMP_TextInfo.cs: 9e4eb698c4c168829682cbe659418e8f -> 
  custom:scripting/monoscript/fileName/TMPro_MeshUtilities.cs: 2237d160e4d9e81a7d899dc235029cb3 -> 
  custom:audio-encoder-webm-vorbis: bf7c407c2cedff20999df2af8eb42d56 -> 
  custom:scripting/monoscript/fileName/TMP_SpriteAssetMenu.cs: 05ea7b84320d1b77a6d1ae49c41ee9cc -> 
  custom:scripting/monoscript/fileName/TMP_TextElement_Legacy.cs: 6e11e173cb695b15e8cce3cd1e1cb2a7 -> 
  custom:scripting/monoscript/fileName/TMP_TextUtilities.cs: aab2855e68416a0a1f2f8904059662aa -> 
  custom:scripting/monoscript/fileName/TMP_Compatibility.cs: 3ef1f12d3c823dd740c7c596ab076c61 -> 
  custom:scripting/monoscript/fileName/TextContainer.cs: 245c032a15fbc12850861c707e37b027 -> 
  custom:scripting/monoscript/fileName/TMP_Dropdown.cs: ecea2f8babcb40d207d2e73158251f60 -> 
  custom:scripting/monoscript/fileName/TMP_BaseShaderGUI.cs: 25118693f24c47c8a4b530b8bff26574 -> 
  custom:scripting/monoscript/fileName/DOTweenModuleUnityVersion.cs: 5fda8b30fb2f0276062c9b201e3b53c4 -> 
  custom:scripting/monoscript/fileName/TMP_ColorGradient.cs: 8d91c7c4749088eca69648d37a965bf8 -> 
  custom:scripting/monoscript/fileName/Constants.cs: 1584b44394baa82ae7b8b5bc09a1664c -> 
  custom:scripting/monoscript/fileName/TMP_CharacterInfo.cs: c840ce0b0aa6c1faafb27b3b884b2328 -> 
  custom:scripting/monoscript/fileName/TMP_ColorGradientEditor.cs: ed654c9d45026a5f71e6e9535130c15f -> 
  custom:scripting/monoscript/fileName/TMP_PreBuildProcessor.cs: 790c12dcd4980aa978fd28fb6f89fb37 -> 
  custom:scripting/monoscript/fileName/TMP_EditorResourceManager.cs: f56b80268a934198a76acc6f4cef503c -> 
  custom:scripting/monoscript/fileName/TMPro_FontAssetCreatorWindow.cs: 0d0900483ed9b57d4ccc2ff58d1220b3 -> 
  custom:SearchIndexIgnoredProperties: e643bd26f0fe6173181afceb89e7c659 -> 
  custom:scripting/monoscript/fileName/DOTweenModuleUtils.cs: 34ad347c902a97803d1c13fe65e97957 -> 
  custom:scripting/monoscript/fileName/TMP_SpriteAssetImporter.cs: 675c97d72afe988872a20f51812f7cdf -> 
  custom:scripting/monoscript/fileName/TMP_Settings.cs: 68d1204aae2aa6d0a54c151b7af443e7 -> 
  custom:scripting/monoscript/fileName/TMP_SubMesh_Editor.cs: b381eb4c2ad4ef265088242d67c5b140 -> 
  custom:scripting/monoscript/fileName/TMP_SerializedPropertyHolder.cs: 99e5dbc1fa1abe750acc8166e4243be8 -> 
  custom:scripting/monoscript/fileName/TMPro_SortingLayerHelper.cs: 8b86ad735987eff6a1277352e9e8d9b6 -> 
  custom:scripting/monoscript/fileName/TMP_TextElement.cs: 5dfb95666bd41ecc32948097824aba23 -> 
  custom:scripting/monoscript/fileName/TMP_InputFieldEditor.cs: a6f05406e9cdb59679382b884c14216a -> 
  custom:scripting/monoscript/fileName/TMP_Text.cs: 5cba61e283281e8dbf7dadaabcd638dc -> 
  custom:container-demuxer-ogg: 62fdf1f143b41e24485cea50d1cbac27 -> 
  custom:scripting/monoscript/fileName/TMP_SpriteAssetEditor.cs: 8a42af05e85c0eed4128787976375b45 -> 
  custom:scripting/monoscript/fileName/TMP_ListPool.cs: 90647cc400823b41df847a6cbfc29026 -> 
  custom:scripting/monoscript/fileName/TMP_SpriteCharacterPropertyDrawer.cs: 14565b4e4f9266584dc3194fd967d252 -> 
  custom:AudioImporter_EditorPlatform: 3918e3fc78b5a79bad01e8451be0beb8 -> 
  custom:scripting/monoscript/fileName/DOTweenModuleUI.cs: 53c26b618f695b59a868eebdc97332ad -> 
  custom:scripting/monoscript/fileName/TMP_StyleAssetMenu.cs: 60e7743122a0686d1131101c521adac6 -> 
  custom:CustomObjectIndexerAttribute: 9a22284fe3817be447336de3de66b15e -> 
  custom:scripting/monoscript/fileName/TMP_SpriteAssetImportFormats.cs: 920e3140228fbd530b0080254da22d88 -> 
  custom:scripting/monoscript/fileName/TMP_BitmapShaderGUI.cs: 2ce3ac811452d1d6d82e565157cac3e2 -> 
  custom:scripting/monoscript/fileName/DOTweenModuleAudio.cs: 371877257ce39f5f0996ea556debbc8a -> 
  custom:scripting/monoscript/fileName/TMP_ColorGradientAssetMenu.cs: 83563be632f8167fcdca7878d36901f9 -> 
  custom:scripting/monoscript/fileName/TMP_MaterialManager.cs: 441d72ec3c04a8da6a351f60fff95465 -> 
  custom:scripting/monoscript/fileName/TMP_SpriteAsset.cs: 8d06882cb45c7664f8d7c3079ee8757f -> 
  custom:scripting/monoscript/fileName/CombatManager.cs: 9e9415fa541f485f607a301095cbe791 -> 
  custom:scripting/monoscript/fileName/TMP_TextParsingUtilities.cs: 8b3fe20641ae0dd97405135955c706a3 -> 
  custom:scripting/monoscript/fileName/DOTweenModulePhysics2D.cs: 63b0e5981d81d026672954b54596f5ae -> 
  custom:scripting/monoscript/fileName/MaterialReferenceManager.cs: c970e86594a0f568cbda548f2d4462c1 -> 
  custom:scripting/monoscript/fileName/DropdownOptionListDrawer.cs: 4362475bc384312c771d88865ee2f40d -> 2b2ea9c97f9351f45324b7dd26de9002
  custom:scripting/monoscript/fileName/King.cs: 0e6bf450f886303abd9316ef88db0a9c -> 
  custom:scripting/monoscript/fileName/Card.cs: 42fd60fcba0cf1de339d217ecb9b80c4 -> 
  custom:scripting/monoscript/fileName/TMP_Character.cs: 015720458ea991fbf07357eae19532db -> 
  custom:scripting/monoscript/fileName/TMP_ResourcesManager.cs: 64252a073d41e9c6f4e95b5f68ac966c -> 
  custom:scripting/monoscript/fileName/TMPro_TexturePostProcessor.cs: 0750ad2b775120fa59f760172dc340ad -> 
  custom:scripting/monoscript/fileName/TMP_PostBuildProcessHandler.cs: c69b388004562ecb0f789fc3759d9651 -> 
  custom:scripting/monoscript/fileName/ITextPreProcessor.cs: a7aa94de5d5bfce2bdd74516315faaf2 -> 
  custom:scripting/monoscript/fileName/TMP_SubMesh.cs: 9fd75270af40187985e5c14cc85ebe42 -> 
  custom:scripting/monoscript/fileName/TMP_DropdownEditor.cs: 2d907ee76ef876797c15186180266847 -> 
  custom:scripting/monoscript/fileName/TMP_GlyphPropertyDrawer.cs: 56b500a16a5c8f635a7bfdd702279864 -> 
  custom:framework-osx-AVFoundation: e770b220cccbd017edd2c1fefb359320 -> 
  custom:scripting/precompiled-assembly-types:Unity.TextMeshPro: 59230975e8163396a463bd906828ec67 -> 
  custom:scripting/monoscript/fileName/Arrow.cs: ece85ba7bf475bfc1dcec008b433482f -> 
  custom:scripting/monoscript/fileName/TMP_PackageResourceImporter.cs: 949b6e7fa2132b400d5c4aaf9c34421a -> 
  custom:scripting/monoscript/fileName/TMP_EditorCoroutine.cs: 04cbf5ce6e541d98265aa7668ef82832 -> 
  custom:scripting/monoscript/fileName/TMP_SpriteGlyph.cs: cb4cdca5a4c6415e4f27ee5280164c41 -> 
  custom:scripting/monoscript/fileName/TMPro_EditorShaderUtilities.cs: f4cbef9348a73d49f1efb8d10ff07bf0 -> 
  custom:scripting/precompiled-assembly-types:Assembly-CSharp-firstpass: c3b8ba213efe735b4b5ada0ee074dcb3 -> 
  custom:scripting/monoscript/fileName/TMP_CharacterPropertyDrawer.cs: ddc6f8909fdac3de9238e9b86e411c3e -> 
  custom:scripting/precompiled-assembly-types:Assembly-CSharp: f347620464db6c8ca12d428a92ccca99 -> 9bd7f8623f7bf0f4e634c2f7935829fd
  custom:scripting/monoscript/fileName/TMP_FontAssetEditor.cs: e359b61135381f6b1d7b8c7e97a930f3 -> 
  custom:scripting/monoscript/fileName/TMP_FontAsset_CreationMenu.cs: 1c5caeb31a0df734411a201aca87cb03 -> 
  custom:scripting/monoscript/fileName/TMP_CoroutineTween.cs: 76849b8d6d4ce499ad8ffee762e4a4af -> 
  custom:scripting/monoscript/fileName/TMP_Style.cs: ecc9948baa78373f3076151d1a0642d9 -> 
  custom:scripting/monoscript/fileName/TMP_ScrollbarEventHandler.cs: c015e39b5a3f1a14518ce039f30e10af -> 
  custom:scripting/monoscript/fileName/GlyphMetricsPropertyDrawer.cs: 438b07e6eae795dab04c32f51ac4e752 -> 
  custom:scripting/monoscript/fileName/TMP_StyleSheetEditor.cs: 38b210a450ac855df2d81ab0242c2feb -> 
  custom:scripting/monoscript/fileName/TMP_ObjectPool.cs: 90647cc400823b41df847a6cbfc29026 -> 
  custom:scripting/monoscript/fileName/TMP_EditorPanelUI.cs: 0c3fb43855adf1da22258c211d01a47d -> 
  custom:scripting/monoscript/fileName/TMP_SpriteAnimator.cs: bf3a797c3a059d3698e93e0031d7f11c -> 
  custom:scripting/monoscript/fileName/TMP_FontAssetUtilities.cs: 5b7a9bc9c5c56e3cb5ccc808a2bdd9e4 -> 
  custom:container-demuxer-webm: 4f35f7cbe854078d1ac9338744f61a02 -> 
  custom:scripting/monoscript/fileName/TMP_FontAsset.cs: 6c1db4680a96f294cf0af87a0b8099aa -> 
  custom:scripting/monoscript/fileName/TMP_SubMeshUI_Editor.cs: 119a633ce37cc27ac209988b5de61d96 -> 
  custom:scripting/monoscript/fileName/TextMeshPro.cs: 0cfab9de2f927cf0a5e3dc6276498acd -> 
  custom:container-muxer-webm: aa71ff27fc2769a1b78a27578f13a17b -> 
  custom:scripting/monoscript/fileName/TMP_TextProcessingStack.cs: 6146dd1b7f9b90aa342ef9794e387c23 -> 
  custom:scripting/monoscript/fileName/TMP_BaseEditorPanel.cs: f4b9967705e7bb57152fef4117417ba7 -> 
  custom:scripting/monoscript/fileName/TMP_InputValidator.cs: 5e0d679d98dae60baa87977011e0ed51 -> 
  custom:scripting/monoscript/fileName/TMP_InputField.cs: f7712ab842984f124274656d749eca3d -> 
  custom:scripting/monoscript/fileName/TMP_Sprite.cs: 0ee3c386846aa132dd254421fac18cd1 -> 
  custom:scripting/monoscript/fileName/DOTweenModuleSprite.cs: e35fb5eb1c483cffc283a374a5e25466 -> 
  custom:scripting/monoscript/fileName/TMP_DefaultControls.cs: 2673e29173eb9307fa53ee17c15332ed -> 
  custom:scripting/monoscript/fileName/TMP_ResourcesLoader.cs: 6f1f07799f3cfe795f955033c27f98ed -> 
  custom:scripting/monoscript/fileName/TMP_UIStyleManager.cs: 66d96f3fa9ea14a5a6ed3f92d3bbe0f1 -> 
  custom:scripting/monoscript/fileName/TextMeshProUGUI.cs: b783d06a82b0620f102e3253b4b9fc9b -> 
  custom:scripting/monoscript/fileName/TMP_StyleSheet.cs: de73099b6bd4b9281c92feedf1315618 -> 
  custom:scripting/monoscript/fileName/TMPro_Private.cs: 90647cc400823b41df847a6cbfc29026 -> 
  custom:scripting/monoscript/fileName/TMP_SelectionCaret.cs: d2a06fefe973175bffa10d62f788c481 -> 
  custom:scripting/monoscript/fileName/TMP_MeshInfo.cs: 89833651f7d905e51b340ec2afe531d1 -> 
  custom:scripting/monoscript/fileName/TMP_SpriteCharacter.cs: 81dc73ff0878d6528202f8be44877b26 -> 
  custom:scripting/monoscript/fileName/ActivateOnMousePress.cs: fb2537b56ea5dda887807344161c5301 -> 
  custom:scripting/precompiled-assembly-types:DOTween: 21631fe7085164ba8eadd9baa5b57d90 -> 
  custom:scripting/precompiled-assembly-types:DOTweenEditor: 1efdf497b099e4e6944f0dd7fb28c744 -> 
========================================================================
Received Prepare
Caller must complete domain reload
Begin MonoManager ReloadAssembly
Thread 0x16eff7000 may have been prematurely finalized
- Loaded All Assemblies, in  0.166 seconds
Native extension for iOS target not found
Native extension for Android target not found
Native extension for OSXStandalone target not found
Native extension for WebGL target not found
Mono: successfully reloaded assembly
- Finished resetting the current domain, in  0.200 seconds
Domain Reload Profiling: 366ms
	BeginReloadAssembly (59ms)
		ExecutionOrderSort (0ms)
		DisableScriptedObjects (2ms)
		BackupInstance (0ms)
		ReleaseScriptingObjects (0ms)
		CreateAndSetChildDomain (14ms)
	RebuildCommonClasses (16ms)
	RebuildNativeTypeToScriptingClass (5ms)
	initialDomainReloadingComplete (9ms)
	LoadAllAssembliesAndSetupDomain (75ms)
		LoadAssemblies (94ms)
		RebuildTransferFunctionScriptingTraits (0ms)
		AnalyzeDomain (6ms)
			TypeCache.Refresh (4ms)
				TypeCache.ScanAssembly (0ms)
			ScanForSourceGeneratedMonoScriptInfo (1ms)
			ResolveRequiredComponents (1ms)
	FinalizeReload (200ms)
		ReleaseScriptCaches (0ms)
		RebuildScriptCaches (0ms)
		SetupLoadedEditorAssemblies (99ms)
			LogAssemblyErrors (0ms)
			InitializePlatformSupportModulesInManaged (14ms)
			SetLoadedEditorAssemblies (1ms)
			RefreshPlugins (0ms)
			BeforeProcessingInitializeOnLoad (14ms)
			ProcessInitializeOnLoadAttributes (61ms)
			ProcessInitializeOnLoadMethodAttributes (8ms)
			AfterProcessingInitializeOnLoad (0ms)
			EditorAssembliesLoaded (0ms)
		ExecutionOrderSort2 (0ms)
		AwakeInstancesAfterBackupRestoration (2ms)
Refreshing native plugins compatible for Editor in 0.10 ms, found 0 plugins.
Preloading 0 native plugins for Editor in 0.00 ms.
Unloading 442 Unused Serialized files (Serialized files now loaded: 0)
Unloading 6 unused Assets / (49.5 KB). Loaded Objects now: 933.
Memory consumption went from 299.9 MB to 299.9 MB.
Total: 1.374750 ms (FindLiveObjects: 0.029917 ms CreateObjectMapping: 0.006916 ms MarkObjects: 1.312167 ms  DeleteObjects: 0.025583 ms)

Prepare: number of updated asset objects reloaded= 0
AssetImportParameters requested are different than current active one (requested -> active):
  custom:video-encoder-webm-vp8: eb34c28f22e8b96e1ab97ce403110664 -> 
  custom:scripting/monoscript/fileName/TMP_ShaderUtilities.cs: 84a261643983e306d02445da38ed662f -> 
  custom:scripting/monoscript/fileName/TMP_SettingsEditor.cs: 56bf06371df7e13c5b8cc88becb89a4d -> 
  custom:video-decoder-webm-vp8: 9c59270c3fd7afecdb556c50c9e8de78 -> 
  custom:scripting/monoscript/fileName/TMP_UpdateRegistery.cs: 1f23864d29c3a03d22aa9b00a337cf78 -> 
  custom:scripting/monoscript/fileName/TMP_PackageUtilities.cs: 89e6e95503dd36070edf73e7aaab4557 -> 
  custom:scripting/monoscript/fileName/TMP_FontFeatureTable.cs: cbd25d300d7ed4d969d60cb9f98f2826 -> 
  custom:scripting/monoscript/fileName/TMP_FontAssetCommon.cs: 2b5f11ccf8aacaf9b5ea6564bf2b0d57 -> 
  custom:scripting/monoscript/fileName/TMP_SDFShaderGUI.cs: 1460619486eb6e8da302e26af5538aaa -> 
  custom:scripting/monoscript/fileName/TMP_RichTextTagsCommon.cs: 5462d55f8a9ad882f9a7f2d708a6978b -> 
  custom:scripting/monoscript/fileName/TMPro_ExtensionMethods.cs: 479bffcc157b89693ffc4c2ef2374861 -> 
  custom:scripting/monoscript/fileName/FastAction.cs: dfbe75b66b645b53472915ad2590af11 -> 
  custom:scripting/monoscript/fileName/TMPro_TextContainerEditor.cs: b2fbc5db24221a870c4de162a712cbfe -> 
  custom:scripting/precompiled-assembly-types:Unity.TextMeshPro.Editor: 46ffe279a7239cd1fb74eb9c5ab5b5d8 -> 
  custom:scripting/monoscript/fileName/TMPro_EventManager.cs: 4c7492301243f935f7a463360f91d217 -> 
  custom:scripting/monoscript/fileName/GlyphRectPropertyDrawer.cs: bdec415148eac17379112822c8814df5 -> 
  custom:scripting/monoscript/fileName/TMP_SubMeshUI.cs: 748262c65738bc5e1c553ae7a37a0c73 -> 
  custom:scripting/monoscript/fileName/TMP_GlyphPairAdjustmentRecordPropertyDrawer.cs: 1a07941369755af9e0a102a45e9058c5 -> 
  custom:scripting/monoscript/fileName/DOTweenModulePhysics.cs: 87f8974001cd2397421cfdcad1904e83 -> 
  custom:scripting/monoscript/fileName/TMP_FontFeaturesCommon.cs: 7d1db71d73353e7dd97f094c509882fa -> 
  custom:scripting/monoscript/fileName/TMP_LineInfo.cs: bb529d63c9723788bd7143f27cd69eaf -> 
  custom:scripting/monoscript/fileName/TMPro_UGUI_Private.cs: 90647cc400823b41df847a6cbfc29026 -> 
  custom:audio-decoder-ogg-vorbis: bf7c407c2cedff20999df2af8eb42d56 -> 
  custom:video-decoder-ogg-theora: a1e56fd34408186e4bbccfd4996cb3dc -> 
  custom:scripting/monoscript/fileName/TMP_UpdateManager.cs: fa7e71df671c5b3088b39753e4bbc70d -> 
  custom:scripting/monoscript/fileName/TMP_TextAlignmentDrawer.cs: 011b7908ef5eb5e9dea532c77e85c538 -> 
  custom:scripting/monoscript/fileName/TMP_EditorPanel.cs: 0631f68be4ca0623bf3e313ec9becbc9 -> 
  custom:scripting/monoscript/fileName/Bird.cs: e73883e3c608f9f4405c747d42231788 -> 
  custom:scripting/monoscript/fileName/TMP_EditorUtility.cs: b242106620cbbc38f0411146a086b885 -> 
  custom:scripting/monoscript/fileName/TMPro_CreateObjectMenu.cs: ddee59388caa7a56693342f3a805d427 -> 
  custom:scripting/monoscript/fileName/TMPro_ContextMenus.cs: 06b3d4b27f337b8d846ca7117f3251e1 -> 
  custom:scripting/monoscript/fileName/TMP_SpriteGlyphPropertyDrawer.cs: 1447c7afab82cf56bc359d5c7fba114e -> 
  custom:scripting/monoscript/fileName/TMP_Asset.cs: 7e95c8d89188057bea8fc9569c9aa309 -> 
  custom:scripting/monoscript/fileName/Slingshot.cs: 5430d2c2acfd1eabc16bf38be6a5235e -> 
  custom:scripting/monoscript/fileName/TMP_TextInfo.cs: 9e4eb698c4c168829682cbe659418e8f -> 
  custom:scripting/monoscript/fileName/TMPro_MeshUtilities.cs: 2237d160e4d9e81a7d899dc235029cb3 -> 
  custom:audio-encoder-webm-vorbis: bf7c407c2cedff20999df2af8eb42d56 -> 
  custom:scripting/monoscript/fileName/TMP_SpriteAssetMenu.cs: 05ea7b84320d1b77a6d1ae49c41ee9cc -> 
  custom:scripting/monoscript/fileName/TMP_TextElement_Legacy.cs: 6e11e173cb695b15e8cce3cd1e1cb2a7 -> 
  custom:scripting/monoscript/fileName/TMP_TextUtilities.cs: aab2855e68416a0a1f2f8904059662aa -> 
  custom:scripting/monoscript/fileName/TMP_Compatibility.cs: 3ef1f12d3c823dd740c7c596ab076c61 -> 
  custom:scripting/monoscript/fileName/TextContainer.cs: 245c032a15fbc12850861c707e37b027 -> 
  custom:scripting/monoscript/fileName/TMP_Dropdown.cs: ecea2f8babcb40d207d2e73158251f60 -> 
  custom:scripting/monoscript/fileName/TMP_BaseShaderGUI.cs: 25118693f24c47c8a4b530b8bff26574 -> 
  custom:scripting/monoscript/fileName/DOTweenModuleUnityVersion.cs: 5fda8b30fb2f0276062c9b201e3b53c4 -> 
  custom:scripting/monoscript/fileName/TMP_ColorGradient.cs: 8d91c7c4749088eca69648d37a965bf8 -> 
  custom:scripting/monoscript/fileName/Constants.cs: 1584b44394baa82ae7b8b5bc09a1664c -> 
  custom:scripting/monoscript/fileName/TMP_CharacterInfo.cs: c840ce0b0aa6c1faafb27b3b884b2328 -> 
  custom:scripting/monoscript/fileName/TMP_ColorGradientEditor.cs: ed654c9d45026a5f71e6e9535130c15f -> 
  custom:scripting/monoscript/fileName/TMP_PreBuildProcessor.cs: 790c12dcd4980aa978fd28fb6f89fb37 -> 
  custom:scripting/monoscript/fileName/TMP_EditorResourceManager.cs: f56b80268a934198a76acc6f4cef503c -> 
  custom:scripting/monoscript/fileName/TMPro_FontAssetCreatorWindow.cs: 0d0900483ed9b57d4ccc2ff58d1220b3 -> 
  custom:SearchIndexIgnoredProperties: e643bd26f0fe6173181afceb89e7c659 -> 
  custom:scripting/monoscript/fileName/DOTweenModuleUtils.cs: 34ad347c902a97803d1c13fe65e97957 -> 
  custom:scripting/monoscript/fileName/TMP_SpriteAssetImporter.cs: 675c97d72afe988872a20f51812f7cdf -> 
  custom:scripting/monoscript/fileName/TMP_Settings.cs: 68d1204aae2aa6d0a54c151b7af443e7 -> 
  custom:scripting/monoscript/fileName/TMP_SubMesh_Editor.cs: b381eb4c2ad4ef265088242d67c5b140 -> 
  custom:scripting/monoscript/fileName/TMP_SerializedPropertyHolder.cs: 99e5dbc1fa1abe750acc8166e4243be8 -> 
  custom:scripting/monoscript/fileName/TMPro_SortingLayerHelper.cs: 8b86ad735987eff6a1277352e9e8d9b6 -> 
  custom:scripting/monoscript/fileName/TMP_TextElement.cs: 5dfb95666bd41ecc32948097824aba23 -> 
  custom:scripting/monoscript/fileName/TMP_InputFieldEditor.cs: a6f05406e9cdb59679382b884c14216a -> 
  custom:scripting/monoscript/fileName/TMP_Text.cs: 5cba61e283281e8dbf7dadaabcd638dc -> 
  custom:container-demuxer-ogg: 62fdf1f143b41e24485cea50d1cbac27 -> 
  custom:scripting/monoscript/fileName/TMP_SpriteAssetEditor.cs: 8a42af05e85c0eed4128787976375b45 -> 
  custom:scripting/monoscript/fileName/TMP_ListPool.cs: 90647cc400823b41df847a6cbfc29026 -> 
  custom:scripting/monoscript/fileName/TMP_SpriteCharacterPropertyDrawer.cs: 14565b4e4f9266584dc3194fd967d252 -> 
  custom:AudioImporter_EditorPlatform: 3918e3fc78b5a79bad01e8451be0beb8 -> 
  custom:scripting/monoscript/fileName/DOTweenModuleUI.cs: 53c26b618f695b59a868eebdc97332ad -> 
  custom:scripting/monoscript/fileName/TMP_StyleAssetMenu.cs: 60e7743122a0686d1131101c521adac6 -> 
  custom:CustomObjectIndexerAttribute: 9a22284fe3817be447336de3de66b15e -> 
  custom:scripting/monoscript/fileName/TMP_SpriteAssetImportFormats.cs: 920e3140228fbd530b0080254da22d88 -> 
  custom:scripting/monoscript/fileName/TMP_BitmapShaderGUI.cs: 2ce3ac811452d1d6d82e565157cac3e2 -> 
  custom:scripting/monoscript/fileName/DOTweenModuleAudio.cs: 371877257ce39f5f0996ea556debbc8a -> 
  custom:scripting/monoscript/fileName/TMP_ColorGradientAssetMenu.cs: 83563be632f8167fcdca7878d36901f9 -> 
  custom:scripting/monoscript/fileName/TMP_MaterialManager.cs: 441d72ec3c04a8da6a351f60fff95465 -> 
  custom:scripting/monoscript/fileName/TMP_SpriteAsset.cs: 8d06882cb45c7664f8d7c3079ee8757f -> 
  custom:scripting/monoscript/fileName/CombatManager.cs: 9e9415fa541f485f607a301095cbe791 -> 
  custom:scripting/monoscript/fileName/TMP_TextParsingUtilities.cs: 8b3fe20641ae0dd97405135955c706a3 -> 
  custom:scripting/monoscript/fileName/DOTweenModulePhysics2D.cs: 63b0e5981d81d026672954b54596f5ae -> 
  custom:scripting/monoscript/fileName/MaterialReferenceManager.cs: c970e86594a0f568cbda548f2d4462c1 -> 
  custom:scripting/monoscript/fileName/DropdownOptionListDrawer.cs: 4362475bc384312c771d88865ee2f40d -> 2b2ea9c97f9351f45324b7dd26de9002
  custom:scripting/monoscript/fileName/King.cs: 0e6bf450f886303abd9316ef88db0a9c -> 
  custom:scripting/monoscript/fileName/Card.cs: 42fd60fcba0cf1de339d217ecb9b80c4 -> 
  custom:scripting/monoscript/fileName/TMP_Character.cs: 015720458ea991fbf07357eae19532db -> 
  custom:scripting/monoscript/fileName/TMP_ResourcesManager.cs: 64252a073d41e9c6f4e95b5f68ac966c -> 
  custom:scripting/monoscript/fileName/TMPro_TexturePostProcessor.cs: 0750ad2b775120fa59f760172dc340ad -> 
  custom:scripting/monoscript/fileName/TMP_PostBuildProcessHandler.cs: c69b388004562ecb0f789fc3759d9651 -> 
  custom:scripting/monoscript/fileName/ITextPreProcessor.cs: a7aa94de5d5bfce2bdd74516315faaf2 -> 
  custom:scripting/monoscript/fileName/TMP_SubMesh.cs: 9fd75270af40187985e5c14cc85ebe42 -> 
  custom:scripting/monoscript/fileName/TMP_DropdownEditor.cs: 2d907ee76ef876797c15186180266847 -> 
  custom:scripting/monoscript/fileName/TMP_GlyphPropertyDrawer.cs: 56b500a16a5c8f635a7bfdd702279864 -> 
  custom:framework-osx-AVFoundation: e770b220cccbd017edd2c1fefb359320 -> 
  custom:scripting/precompiled-assembly-types:Unity.TextMeshPro: 59230975e8163396a463bd906828ec67 -> 
  custom:scripting/monoscript/fileName/Arrow.cs: ece85ba7bf475bfc1dcec008b433482f -> 
  custom:scripting/monoscript/fileName/TMP_PackageResourceImporter.cs: 949b6e7fa2132b400d5c4aaf9c34421a -> 
  custom:scripting/monoscript/fileName/TMP_EditorCoroutine.cs: 04cbf5ce6e541d98265aa7668ef82832 -> 
  custom:scripting/monoscript/fileName/TMP_SpriteGlyph.cs: cb4cdca5a4c6415e4f27ee5280164c41 -> 
  custom:scripting/monoscript/fileName/TMPro_EditorShaderUtilities.cs: f4cbef9348a73d49f1efb8d10ff07bf0 -> 
  custom:scripting/precompiled-assembly-types:Assembly-CSharp-firstpass: c3b8ba213efe735b4b5ada0ee074dcb3 -> 
  custom:scripting/monoscript/fileName/TMP_CharacterPropertyDrawer.cs: ddc6f8909fdac3de9238e9b86e411c3e -> 
  custom:scripting/precompiled-assembly-types:Assembly-CSharp: f347620464db6c8ca12d428a92ccca99 -> 9bd7f8623f7bf0f4e634c2f7935829fd
  custom:scripting/monoscript/fileName/TMP_FontAssetEditor.cs: e359b61135381f6b1d7b8c7e97a930f3 -> 
  custom:scripting/monoscript/fileName/TMP_FontAsset_CreationMenu.cs: 1c5caeb31a0df734411a201aca87cb03 -> 
  custom:scripting/monoscript/fileName/TMP_CoroutineTween.cs: 76849b8d6d4ce499ad8ffee762e4a4af -> 
  custom:scripting/monoscript/fileName/TMP_Style.cs: ecc9948baa78373f3076151d1a0642d9 -> 
  custom:scripting/monoscript/fileName/TMP_ScrollbarEventHandler.cs: c015e39b5a3f1a14518ce039f30e10af -> 
  custom:scripting/monoscript/fileName/GlyphMetricsPropertyDrawer.cs: 438b07e6eae795dab04c32f51ac4e752 -> 
  custom:scripting/monoscript/fileName/TMP_StyleSheetEditor.cs: 38b210a450ac855df2d81ab0242c2feb -> 
  custom:scripting/monoscript/fileName/TMP_ObjectPool.cs: 90647cc400823b41df847a6cbfc29026 -> 
  custom:scripting/monoscript/fileName/TMP_EditorPanelUI.cs: 0c3fb43855adf1da22258c211d01a47d -> 
  custom:scripting/monoscript/fileName/TMP_SpriteAnimator.cs: bf3a797c3a059d3698e93e0031d7f11c -> 
  custom:scripting/monoscript/fileName/TMP_FontAssetUtilities.cs: 5b7a9bc9c5c56e3cb5ccc808a2bdd9e4 -> 
  custom:container-demuxer-webm: 4f35f7cbe854078d1ac9338744f61a02 -> 
  custom:scripting/monoscript/fileName/TMP_FontAsset.cs: 6c1db4680a96f294cf0af87a0b8099aa -> 
  custom:scripting/monoscript/fileName/TMP_SubMeshUI_Editor.cs: 119a633ce37cc27ac209988b5de61d96 -> 
  custom:scripting/monoscript/fileName/TextMeshPro.cs: 0cfab9de2f927cf0a5e3dc6276498acd -> 
  custom:container-muxer-webm: aa71ff27fc2769a1b78a27578f13a17b -> 
  custom:scripting/monoscript/fileName/TMP_TextProcessingStack.cs: 6146dd1b7f9b90aa342ef9794e387c23 -> 
  custom:scripting/monoscript/fileName/TMP_BaseEditorPanel.cs: f4b9967705e7bb57152fef4117417ba7 -> 
  custom:scripting/monoscript/fileName/TMP_InputValidator.cs: 5e0d679d98dae60baa87977011e0ed51 -> 
  custom:scripting/monoscript/fileName/TMP_InputField.cs: f7712ab842984f124274656d749eca3d -> 
  custom:scripting/monoscript/fileName/TMP_Sprite.cs: 0ee3c386846aa132dd254421fac18cd1 -> 
  custom:scripting/monoscript/fileName/DOTweenModuleSprite.cs: e35fb5eb1c483cffc283a374a5e25466 -> 
  custom:scripting/monoscript/fileName/TMP_DefaultControls.cs: 2673e29173eb9307fa53ee17c15332ed -> 
  custom:scripting/monoscript/fileName/TMP_ResourcesLoader.cs: 6f1f07799f3cfe795f955033c27f98ed -> 
  custom:scripting/monoscript/fileName/TMP_UIStyleManager.cs: 66d96f3fa9ea14a5a6ed3f92d3bbe0f1 -> 
  custom:scripting/monoscript/fileName/TextMeshProUGUI.cs: b783d06a82b0620f102e3253b4b9fc9b -> 
  custom:scripting/monoscript/fileName/TMP_StyleSheet.cs: de73099b6bd4b9281c92feedf1315618 -> 
  custom:scripting/monoscript/fileName/TMPro_Private.cs: 90647cc400823b41df847a6cbfc29026 -> 
  custom:scripting/monoscript/fileName/TMP_SelectionCaret.cs: d2a06fefe973175bffa10d62f788c481 -> 
  custom:scripting/monoscript/fileName/TMP_MeshInfo.cs: 89833651f7d905e51b340ec2afe531d1 -> 
  custom:scripting/monoscript/fileName/TMP_SpriteCharacter.cs: 81dc73ff0878d6528202f8be44877b26 -> 
  custom:scripting/monoscript/fileName/ActivateOnMousePress.cs: fb2537b56ea5dda887807344161c5301 -> 
  custom:scripting/precompiled-assembly-types:DOTween: 21631fe7085164ba8eadd9baa5b57d90 -> 
  custom:scripting/precompiled-assembly-types:DOTweenEditor: 1efdf497b099e4e6944f0dd7fb28c744 -> 
========================================================================
Received Prepare
Caller must complete domain reload
Begin MonoManager ReloadAssembly
Thread 0x16eff7000 may have been prematurely finalized
- Loaded All Assemblies, in  0.138 seconds
Native extension for iOS target not found
Native extension for Android target not found
Native extension for OSXStandalone target not found
Native extension for WebGL target not found
Mono: successfully reloaded assembly
- Finished resetting the current domain, in  0.179 seconds
Domain Reload Profiling: 317ms
	BeginReloadAssembly (54ms)
		ExecutionOrderSort (0ms)
		DisableScriptedObjects (2ms)
		BackupInstance (0ms)
		ReleaseScriptingObjects (0ms)
		CreateAndSetChildDomain (13ms)
	RebuildCommonClasses (16ms)
	RebuildNativeTypeToScriptingClass (5ms)
	initialDomainReloadingComplete (9ms)
	LoadAllAssembliesAndSetupDomain (53ms)
		LoadAssemblies (69ms)
		RebuildTransferFunctionScriptingTraits (0ms)
		AnalyzeDomain (5ms)
			TypeCache.Refresh (3ms)
				TypeCache.ScanAssembly (0ms)
			ScanForSourceGeneratedMonoScriptInfo (0ms)
			ResolveRequiredComponents (1ms)
	FinalizeReload (179ms)
		ReleaseScriptCaches (0ms)
		RebuildScriptCaches (0ms)
		SetupLoadedEditorAssemblies (99ms)
			LogAssemblyErrors (0ms)
			InitializePlatformSupportModulesInManaged (15ms)
			SetLoadedEditorAssemblies (1ms)
			RefreshPlugins (0ms)
			BeforeProcessingInitializeOnLoad (14ms)
			ProcessInitializeOnLoadAttributes (60ms)
			ProcessInitializeOnLoadMethodAttributes (8ms)
			AfterProcessingInitializeOnLoad (1ms)
			EditorAssembliesLoaded (0ms)
		ExecutionOrderSort2 (0ms)
		AwakeInstancesAfterBackupRestoration (2ms)
Refreshing native plugins compatible for Editor in 0.11 ms, found 0 plugins.
Preloading 0 native plugins for Editor in 0.00 ms.
Unloading 442 Unused Serialized files (Serialized files now loaded: 0)
Unloading 6 unused Assets / (49.4 KB). Loaded Objects now: 933.
Memory consumption went from 305.8 MB to 305.8 MB.
Total: 1.532250 ms (FindLiveObjects: 0.030042 ms CreateObjectMapping: 0.007125 ms MarkObjects: 1.464250 ms  DeleteObjects: 0.030459 ms)

Prepare: number of updated asset objects reloaded= 0
AssetImportParameters requested are different than current active one (requested -> active):
  custom:video-encoder-webm-vp8: eb34c28f22e8b96e1ab97ce403110664 -> 
  custom:scripting/monoscript/fileName/TMP_ShaderUtilities.cs: 84a261643983e306d02445da38ed662f -> 
  custom:scripting/monoscript/fileName/TMP_SettingsEditor.cs: 56bf06371df7e13c5b8cc88becb89a4d -> 
  custom:video-decoder-webm-vp8: 9c59270c3fd7afecdb556c50c9e8de78 -> 
  custom:scripting/monoscript/fileName/TMP_UpdateRegistery.cs: 1f23864d29c3a03d22aa9b00a337cf78 -> 
  custom:scripting/monoscript/fileName/TMP_PackageUtilities.cs: 89e6e95503dd36070edf73e7aaab4557 -> 
  custom:scripting/monoscript/fileName/TMP_FontFeatureTable.cs: cbd25d300d7ed4d969d60cb9f98f2826 -> 
  custom:scripting/monoscript/fileName/TMP_FontAssetCommon.cs: 2b5f11ccf8aacaf9b5ea6564bf2b0d57 -> 
  custom:scripting/monoscript/fileName/TMP_SDFShaderGUI.cs: 1460619486eb6e8da302e26af5538aaa -> 
  custom:scripting/monoscript/fileName/TMP_RichTextTagsCommon.cs: 5462d55f8a9ad882f9a7f2d708a6978b -> 
  custom:scripting/monoscript/fileName/TMPro_ExtensionMethods.cs: 479bffcc157b89693ffc4c2ef2374861 -> 
  custom:scripting/monoscript/fileName/FastAction.cs: dfbe75b66b645b53472915ad2590af11 -> 
  custom:scripting/monoscript/fileName/TMPro_TextContainerEditor.cs: b2fbc5db24221a870c4de162a712cbfe -> 
  custom:scripting/precompiled-assembly-types:Unity.TextMeshPro.Editor: 46ffe279a7239cd1fb74eb9c5ab5b5d8 -> 
  custom:scripting/monoscript/fileName/TMPro_EventManager.cs: 4c7492301243f935f7a463360f91d217 -> 
  custom:scripting/monoscript/fileName/GlyphRectPropertyDrawer.cs: bdec415148eac17379112822c8814df5 -> 
  custom:scripting/monoscript/fileName/TMP_SubMeshUI.cs: 748262c65738bc5e1c553ae7a37a0c73 -> 
  custom:scripting/monoscript/fileName/TMP_GlyphPairAdjustmentRecordPropertyDrawer.cs: 1a07941369755af9e0a102a45e9058c5 -> 
  custom:scripting/monoscript/fileName/DOTweenModulePhysics.cs: 87f8974001cd2397421cfdcad1904e83 -> 
  custom:scripting/monoscript/fileName/TMP_FontFeaturesCommon.cs: 7d1db71d73353e7dd97f094c509882fa -> 
  custom:scripting/monoscript/fileName/TMP_LineInfo.cs: bb529d63c9723788bd7143f27cd69eaf -> 
  custom:scripting/monoscript/fileName/TMPro_UGUI_Private.cs: 90647cc400823b41df847a6cbfc29026 -> 
  custom:audio-decoder-ogg-vorbis: bf7c407c2cedff20999df2af8eb42d56 -> 
  custom:video-decoder-ogg-theora: a1e56fd34408186e4bbccfd4996cb3dc -> 
  custom:scripting/monoscript/fileName/TMP_UpdateManager.cs: fa7e71df671c5b3088b39753e4bbc70d -> 
  custom:scripting/monoscript/fileName/TMP_TextAlignmentDrawer.cs: 011b7908ef5eb5e9dea532c77e85c538 -> 
  custom:scripting/monoscript/fileName/TMP_EditorPanel.cs: 0631f68be4ca0623bf3e313ec9becbc9 -> 
  custom:scripting/monoscript/fileName/Bird.cs: e73883e3c608f9f4405c747d42231788 -> 
  custom:scripting/monoscript/fileName/TMP_EditorUtility.cs: b242106620cbbc38f0411146a086b885 -> 
  custom:scripting/monoscript/fileName/TMPro_CreateObjectMenu.cs: ddee59388caa7a56693342f3a805d427 -> 
  custom:scripting/monoscript/fileName/TMPro_ContextMenus.cs: 06b3d4b27f337b8d846ca7117f3251e1 -> 
  custom:scripting/monoscript/fileName/TMP_SpriteGlyphPropertyDrawer.cs: 1447c7afab82cf56bc359d5c7fba114e -> 
  custom:scripting/monoscript/fileName/TMP_Asset.cs: 7e95c8d89188057bea8fc9569c9aa309 -> 
  custom:scripting/monoscript/fileName/Slingshot.cs: 5430d2c2acfd1eabc16bf38be6a5235e -> 
  custom:scripting/monoscript/fileName/TMP_TextInfo.cs: 9e4eb698c4c168829682cbe659418e8f -> 
  custom:scripting/monoscript/fileName/TMPro_MeshUtilities.cs: 2237d160e4d9e81a7d899dc235029cb3 -> 
  custom:audio-encoder-webm-vorbis: bf7c407c2cedff20999df2af8eb42d56 -> 
  custom:scripting/monoscript/fileName/TMP_SpriteAssetMenu.cs: 05ea7b84320d1b77a6d1ae49c41ee9cc -> 
  custom:scripting/monoscript/fileName/TMP_TextElement_Legacy.cs: 6e11e173cb695b15e8cce3cd1e1cb2a7 -> 
  custom:scripting/monoscript/fileName/TMP_TextUtilities.cs: aab2855e68416a0a1f2f8904059662aa -> 
  custom:scripting/monoscript/fileName/TMP_Compatibility.cs: 3ef1f12d3c823dd740c7c596ab076c61 -> 
  custom:scripting/monoscript/fileName/TextContainer.cs: 245c032a15fbc12850861c707e37b027 -> 
  custom:scripting/monoscript/fileName/TMP_Dropdown.cs: ecea2f8babcb40d207d2e73158251f60 -> 
  custom:scripting/monoscript/fileName/TMP_BaseShaderGUI.cs: 25118693f24c47c8a4b530b8bff26574 -> 
  custom:scripting/monoscript/fileName/DOTweenModuleUnityVersion.cs: 5fda8b30fb2f0276062c9b201e3b53c4 -> 
  custom:scripting/monoscript/fileName/TMP_ColorGradient.cs: 8d91c7c4749088eca69648d37a965bf8 -> 
  custom:scripting/monoscript/fileName/Constants.cs: 1584b44394baa82ae7b8b5bc09a1664c -> 
  custom:scripting/monoscript/fileName/TMP_CharacterInfo.cs: c840ce0b0aa6c1faafb27b3b884b2328 -> 
  custom:scripting/monoscript/fileName/TMP_ColorGradientEditor.cs: ed654c9d45026a5f71e6e9535130c15f -> 
  custom:scripting/monoscript/fileName/TMP_PreBuildProcessor.cs: 790c12dcd4980aa978fd28fb6f89fb37 -> 
  custom:scripting/monoscript/fileName/TMP_EditorResourceManager.cs: f56b80268a934198a76acc6f4cef503c -> 
  custom:scripting/monoscript/fileName/TMPro_FontAssetCreatorWindow.cs: 0d0900483ed9b57d4ccc2ff58d1220b3 -> 
  custom:SearchIndexIgnoredProperties: e643bd26f0fe6173181afceb89e7c659 -> 
  custom:scripting/monoscript/fileName/DOTweenModuleUtils.cs: 34ad347c902a97803d1c13fe65e97957 -> 
  custom:scripting/monoscript/fileName/TMP_SpriteAssetImporter.cs: 675c97d72afe988872a20f51812f7cdf -> 
  custom:scripting/monoscript/fileName/TMP_Settings.cs: 68d1204aae2aa6d0a54c151b7af443e7 -> 
  custom:scripting/monoscript/fileName/TMP_SubMesh_Editor.cs: b381eb4c2ad4ef265088242d67c5b140 -> 
  custom:scripting/monoscript/fileName/TMP_SerializedPropertyHolder.cs: 99e5dbc1fa1abe750acc8166e4243be8 -> 
  custom:scripting/monoscript/fileName/TMPro_SortingLayerHelper.cs: 8b86ad735987eff6a1277352e9e8d9b6 -> 
  custom:scripting/monoscript/fileName/TMP_TextElement.cs: 5dfb95666bd41ecc32948097824aba23 -> 
  custom:scripting/monoscript/fileName/TMP_InputFieldEditor.cs: a6f05406e9cdb59679382b884c14216a -> 
  custom:scripting/monoscript/fileName/TMP_Text.cs: 5cba61e283281e8dbf7dadaabcd638dc -> 
  custom:container-demuxer-ogg: 62fdf1f143b41e24485cea50d1cbac27 -> 
  custom:scripting/monoscript/fileName/TMP_SpriteAssetEditor.cs: 8a42af05e85c0eed4128787976375b45 -> 
  custom:scripting/monoscript/fileName/TMP_ListPool.cs: 90647cc400823b41df847a6cbfc29026 -> 
  custom:scripting/monoscript/fileName/TMP_SpriteCharacterPropertyDrawer.cs: 14565b4e4f9266584dc3194fd967d252 -> 
  custom:AudioImporter_EditorPlatform: 3918e3fc78b5a79bad01e8451be0beb8 -> 
  custom:scripting/monoscript/fileName/DOTweenModuleUI.cs: 53c26b618f695b59a868eebdc97332ad -> 
  custom:scripting/monoscript/fileName/TMP_StyleAssetMenu.cs: 60e7743122a0686d1131101c521adac6 -> 
  custom:CustomObjectIndexerAttribute: 9a22284fe3817be447336de3de66b15e -> 
  custom:scripting/monoscript/fileName/TMP_SpriteAssetImportFormats.cs: 920e3140228fbd530b0080254da22d88 -> 
  custom:scripting/monoscript/fileName/TMP_BitmapShaderGUI.cs: 2ce3ac811452d1d6d82e565157cac3e2 -> 
  custom:scripting/monoscript/fileName/DOTweenModuleAudio.cs: 371877257ce39f5f0996ea556debbc8a -> 
  custom:scripting/monoscript/fileName/TMP_ColorGradientAssetMenu.cs: 83563be632f8167fcdca7878d36901f9 -> 
  custom:scripting/monoscript/fileName/TMP_MaterialManager.cs: 441d72ec3c04a8da6a351f60fff95465 -> 
  custom:scripting/monoscript/fileName/TMP_SpriteAsset.cs: 8d06882cb45c7664f8d7c3079ee8757f -> 
  custom:scripting/monoscript/fileName/CombatManager.cs: 9e9415fa541f485f607a301095cbe791 -> 
  custom:scripting/monoscript/fileName/TMP_TextParsingUtilities.cs: 8b3fe20641ae0dd97405135955c706a3 -> 
  custom:scripting/monoscript/fileName/DOTweenModulePhysics2D.cs: 63b0e5981d81d026672954b54596f5ae -> 
  custom:scripting/monoscript/fileName/MaterialReferenceManager.cs: c970e86594a0f568cbda548f2d4462c1 -> 
  custom:scripting/monoscript/fileName/DropdownOptionListDrawer.cs: 4362475bc384312c771d88865ee2f40d -> 2b2ea9c97f9351f45324b7dd26de9002
  custom:scripting/monoscript/fileName/King.cs: 0e6bf450f886303abd9316ef88db0a9c -> 
  custom:scripting/monoscript/fileName/Card.cs: 42fd60fcba0cf1de339d217ecb9b80c4 -> 
  custom:scripting/monoscript/fileName/TMP_Character.cs: 015720458ea991fbf07357eae19532db -> 
  custom:scripting/monoscript/fileName/TMP_ResourcesManager.cs: 64252a073d41e9c6f4e95b5f68ac966c -> 
  custom:scripting/monoscript/fileName/TMPro_TexturePostProcessor.cs: 0750ad2b775120fa59f760172dc340ad -> 
  custom:scripting/monoscript/fileName/TMP_PostBuildProcessHandler.cs: c69b388004562ecb0f789fc3759d9651 -> 
  custom:scripting/monoscript/fileName/ITextPreProcessor.cs: a7aa94de5d5bfce2bdd74516315faaf2 -> 
  custom:scripting/monoscript/fileName/TMP_SubMesh.cs: 9fd75270af40187985e5c14cc85ebe42 -> 
  custom:scripting/monoscript/fileName/TMP_DropdownEditor.cs: 2d907ee76ef876797c15186180266847 -> 
  custom:scripting/monoscript/fileName/TMP_GlyphPropertyDrawer.cs: 56b500a16a5c8f635a7bfdd702279864 -> 
  custom:framework-osx-AVFoundation: e770b220cccbd017edd2c1fefb359320 -> 
  custom:scripting/precompiled-assembly-types:Unity.TextMeshPro: 59230975e8163396a463bd906828ec67 -> 
  custom:scripting/monoscript/fileName/Arrow.cs: ece85ba7bf475bfc1dcec008b433482f -> 
  custom:scripting/monoscript/fileName/TMP_PackageResourceImporter.cs: 949b6e7fa2132b400d5c4aaf9c34421a -> 
  custom:scripting/monoscript/fileName/TMP_EditorCoroutine.cs: 04cbf5ce6e541d98265aa7668ef82832 -> 
  custom:scripting/monoscript/fileName/TMP_SpriteGlyph.cs: cb4cdca5a4c6415e4f27ee5280164c41 -> 
  custom:scripting/monoscript/fileName/TMPro_EditorShaderUtilities.cs: f4cbef9348a73d49f1efb8d10ff07bf0 -> 
  custom:scripting/precompiled-assembly-types:Assembly-CSharp-firstpass: c3b8ba213efe735b4b5ada0ee074dcb3 -> 
  custom:scripting/monoscript/fileName/TMP_CharacterPropertyDrawer.cs: ddc6f8909fdac3de9238e9b86e411c3e -> 
  custom:scripting/precompiled-assembly-types:Assembly-CSharp: f347620464db6c8ca12d428a92ccca99 -> 9bd7f8623f7bf0f4e634c2f7935829fd
  custom:scripting/monoscript/fileName/TMP_FontAssetEditor.cs: e359b61135381f6b1d7b8c7e97a930f3 -> 
  custom:scripting/monoscript/fileName/TMP_FontAsset_CreationMenu.cs: 1c5caeb31a0df734411a201aca87cb03 -> 
  custom:scripting/monoscript/fileName/TMP_CoroutineTween.cs: 76849b8d6d4ce499ad8ffee762e4a4af -> 
  custom:scripting/monoscript/fileName/TMP_Style.cs: ecc9948baa78373f3076151d1a0642d9 -> 
  custom:scripting/monoscript/fileName/TMP_ScrollbarEventHandler.cs: c015e39b5a3f1a14518ce039f30e10af -> 
  custom:scripting/monoscript/fileName/GlyphMetricsPropertyDrawer.cs: 438b07e6eae795dab04c32f51ac4e752 -> 
  custom:scripting/monoscript/fileName/TMP_StyleSheetEditor.cs: 38b210a450ac855df2d81ab0242c2feb -> 
  custom:scripting/monoscript/fileName/TMP_ObjectPool.cs: 90647cc400823b41df847a6cbfc29026 -> 
  custom:scripting/monoscript/fileName/TMP_EditorPanelUI.cs: 0c3fb43855adf1da22258c211d01a47d -> 
  custom:scripting/monoscript/fileName/TMP_SpriteAnimator.cs: bf3a797c3a059d3698e93e0031d7f11c -> 
  custom:scripting/monoscript/fileName/TMP_FontAssetUtilities.cs: 5b7a9bc9c5c56e3cb5ccc808a2bdd9e4 -> 
  custom:container-demuxer-webm: 4f35f7cbe854078d1ac9338744f61a02 -> 
  custom:scripting/monoscript/fileName/TMP_FontAsset.cs: 6c1db4680a96f294cf0af87a0b8099aa -> 
  custom:scripting/monoscript/fileName/TMP_SubMeshUI_Editor.cs: 119a633ce37cc27ac209988b5de61d96 -> 
  custom:scripting/monoscript/fileName/TextMeshPro.cs: 0cfab9de2f927cf0a5e3dc6276498acd -> 
  custom:container-muxer-webm: aa71ff27fc2769a1b78a27578f13a17b -> 
  custom:scripting/monoscript/fileName/TMP_TextProcessingStack.cs: 6146dd1b7f9b90aa342ef9794e387c23 -> 
  custom:scripting/monoscript/fileName/TMP_BaseEditorPanel.cs: f4b9967705e7bb57152fef4117417ba7 -> 
  custom:scripting/monoscript/fileName/TMP_InputValidator.cs: 5e0d679d98dae60baa87977011e0ed51 -> 
  custom:scripting/monoscript/fileName/TMP_InputField.cs: f7712ab842984f124274656d749eca3d -> 
  custom:scripting/monoscript/fileName/TMP_Sprite.cs: 0ee3c386846aa132dd254421fac18cd1 -> 
  custom:scripting/monoscript/fileName/DOTweenModuleSprite.cs: e35fb5eb1c483cffc283a374a5e25466 -> 
  custom:scripting/monoscript/fileName/TMP_DefaultControls.cs: 2673e29173eb9307fa53ee17c15332ed -> 
  custom:scripting/monoscript/fileName/TMP_ResourcesLoader.cs: 6f1f07799f3cfe795f955033c27f98ed -> 
  custom:scripting/monoscript/fileName/TMP_UIStyleManager.cs: 66d96f3fa9ea14a5a6ed3f92d3bbe0f1 -> 
  custom:scripting/monoscript/fileName/TextMeshProUGUI.cs: b783d06a82b0620f102e3253b4b9fc9b -> 
  custom:scripting/monoscript/fileName/TMP_StyleSheet.cs: de73099b6bd4b9281c92feedf1315618 -> 
  custom:scripting/monoscript/fileName/TMPro_Private.cs: 90647cc400823b41df847a6cbfc29026 -> 
  custom:scripting/monoscript/fileName/TMP_SelectionCaret.cs: d2a06fefe973175bffa10d62f788c481 -> 
  custom:scripting/monoscript/fileName/TMP_MeshInfo.cs: 89833651f7d905e51b340ec2afe531d1 -> 
  custom:scripting/monoscript/fileName/TMP_SpriteCharacter.cs: 81dc73ff0878d6528202f8be44877b26 -> 
  custom:scripting/monoscript/fileName/ActivateOnMousePress.cs: fb2537b56ea5dda887807344161c5301 -> 
  custom:scripting/precompiled-assembly-types:DOTween: 21631fe7085164ba8eadd9baa5b57d90 -> 
  custom:scripting/precompiled-assembly-types:DOTweenEditor: 1efdf497b099e4e6944f0dd7fb28c744 -> 
